7274906,0x130,5,C541FFFFFF
7285836,0x7E0,8,020A000000000000
7287010,0x7E0,8,30000A0000000000
7348836,0x7DF,8,0201110000000000
7361907,0x7E8,8,03411120AAAAAAAA
7373942,0x130,5,C541FFFFFF
7414836,0x7DF,8,02010F0000000000
7416901,0x7E8,8,03410F62AAAAAAAA
7478836,0x7DF,8,0201060000000000
7481673,0x130,5,C541FFFFFF
7493930,0x7E8,8,0341067EAAAAAAAA
7544836,0x7DF,8,02011F0000000000
7548282,0x7E8,8,04411F05E6AAAAAA
7579906,0x130,5,C541FFFFFF
7611836,0x7DF,8,02010C0000000000
7625907,0x7E8,8,04410C0D66AAAAAA
7627718,0x7EC,8,04410C0D7CAAAAAA
7679836,0x7DF,8,02010D0000000000
7681904,0x130,5,C541FFFFFF
7693930,0x7E8,8,03410D00AAAAAAAA
7695204,0x7EC,8,03410D00AAAAAAAA
7746836,0x7DF,8,0201050000000000
7759907,0x7E8,8,0341058DAAAAAAAA
7781906,0x130,5,C541FFFFFF
7812836,0x7DF,8,0201040000000000
7824907,0x7E8,8,0341044CAAAAAAAA
7876836,0x7DF,8,0201110000000000
7878343,0x130,5,C541FFFFFF
7889930,0x7E8,8,0341111FAAAAAAAA
7940836,0x7DF,8,0201070000000000
7952907,0x7E8,8,0341077FAAAAAAAA
7973906,0x130,5,C541FFFFFF
8005836,0x7DF,8,02010C0000000000
8017907,0x7EC,8,04410C0D4AAAAAAA
8019131,0x7E8,8,04410C0D4EAAAAAA
8070836,0x7DF,8,02010D0000000000
8072763,0x130,5,C541FFFFFF
8084938,0x7EC,8,03410D00AAAAAAAA
8086148,0x7E8,8,03410D00AAAAAAAA
8137836,0x7DF,8,0201050000000000
8150907,0x7E8,8,0341058DAAAAAAAA
8172906,0x130,5,C541FFFFFF
8203836,0x7DF,8,02012F0000000000
8215907,0x7E8,8,03412F0CAAAAAAAA
8266836,0x7DF,8,0201420000000000
8279906,0x130,5,C541FFFFFF
8281332,0x7EC,8,044142354CAAAAAA
8282915,0x7E8,8,0441423795AAAAAA
8334838,0x7DF,8,0201010000000000
8337801,0x7E8,8,0641018307E100AA
8339361,0x7EC,8,06410100040000AA
8380906,0x130,5,C541FFFFFF
8401836,0x7DF,8,0201040000000000
8413907,0x7E8,8,0341044CAAAAAAAA
8464836,0x7DF,8,0201110000000000
8468212,0x7E8,8,03411120AAAAAAAA
8479938,0x130,5,C541FFFFFF
8531838,0x7DF,8,02010F0000000000
8543907,0x7E8,8,03410F62AAAAAAAA
8575906,0x130,5,C541FFFFFF
8597836,0x7DF,8,0201060000000000
8609907,0x7E8,8,0341067FAAAAAAAA
8660836,0x7DF,8,0201330000000000
8673907,0x7E8,8,03413364AAAAAAAA
8675361,0x130,5,C541FFFFFF
8726836,0x7DF,8,02010C0000000000
8739916,0x7EC,8,04410C0D62AAAAAA
8741476,0x7E8,8,04410C0D62AAAAAA
8772906,0x130,5,C541FFFFFF
8794836,0x7DF,8,02010D0000000000
8806907,0x7E8,8,03410D00AAAAAAAA
8807909,0x7EC,8,03410D00AAAAAAAA
8858836,0x7DF,8,0201050000000000
8870907,0x7E8,8,0341058DAAAAAAAA
8872254,0x130,5,C541FFFFFF
8923836,0x7DF,8,0201040000000000
8936907,0x7E8,8,0341044BAAAAAAAA
8979906,0x130,5,C541FFFFFF
8991836,0x7DF,8,0201110000000000
9003907,0x7E8,8,03411120AAAAAAAA
9064836,0x7DF,8,02010C0000000000
9067983,0x7E8,8,04410C0D68AAAAAA
9070065,0x7EC,8,04410C0D68AAAAAA
9081942,0x130,5,C541FFFFFF
9132836,0x7DF,8,02010D0000000000
9144907,0x7E8,8,03410D00AAAAAAAA
9146314,0x7EC,8,03410D00AAAAAAAA
9176906,0x130,5,C541FFFFFF
9198836,0x7DF,8,0201050000000000
9210907,0x7E8,8,0341058DAAAAAAAA
9262836,0x7DF,8,02012F0000000000
9275907,0x7E8,8,03412F0CAAAAAAAA
9277237,0x130,5,C541FFFFFF
9328836,0x7DF,8,0201420000000000
9340907,0x7EC,8,0441423515AAAAAA
9342270,0x7E8,8,0441423720AAAAAA
9373906,0x130,5,C541FFFFFF
9395836,0x7DF,8,0201010000000000
9407907,0x7EC,8,06410100040000AA
9409135,0x7E8,8,0641018307E100AA
9460836,0x7DF,8,0201040000000000
9473907,0x7E8,8,0341044BAAAAAAAA
9475278,0x130,5,C541FFFFFF
9526836,0x7DF,8,0201110000000000
9538907,0x7E8,8,0341111FAAAAAAAA
9580906,0x130,5,C541FFFFFF
9592836,0x7DF,8,02010F0000000000
9604907,0x7E8,8,03410F62AAAAAAAA
9655836,0x7DF,8,0201060000000000
9667907,0x7E8,8,0341067FAAAAAAAA
9679942,0x130,5,C541FFFFFF
9721836,0x7DF,8,0201070000000000
9733907,0x7E8,8,0341077FAAAAAAAA
9774906,0x130,5,C541FFFFFF
9786836,0x7DF,8,02011F0000000000
9798907,0x7E8,8,04411F05E8AAAAAA
9849836,0x7DF,8,02010C0000000000
9861907,0x7EC,8,04410C0D3AAAAAAA
9863155,0x7E8,8,04410C0D2EAAAAAA
9873942,0x130,5,C541FFFFFF
9915836,0x7DF,8,02010D0000000000
9927907,0x7EC,8,03410D00AAAAAAAA
9929146,0x7E8,8,03410D00AAAAAAAA
9980836,0x7DF,8,0201050000000000
9984072,0x130,5,C541FFFFFF
9995930,0x7E8,8,0341058DAAAAAAAA
10047838,0x7DF,8,0201040000000000
10059907,0x7E8,8,0341044CAAAAAAAA
10071993,0x130,5,C541FFFFFF
10113836,0x7DF,8,0201110000000000
10125907,0x7E8,8,03411120AAAAAAAA
10177838,0x7DF,8,0201330000000000
10180729,0x130,5,C541FFFFFF
10192930,0x7E8,8,03413364AAAAAAAA
10244836,0x7DF,8,02010C0000000000
10257966,0x7EC,8,04410C0D6EAAAAAA
10259443,0x7E8,8,04410C0D68AAAAAA
10280906,0x130,5,C541FFFFFF
10312836,0x7DF,8,02010D0000000000
10324907,0x7E8,8,03410D00AAAAAAAA
10326136,0x7EC,8,03410D00AAAAAAAA
10377839,0x7DF,8,0201050000000000
10382440,0x130,5,C541FFFFFF
10393930,0x7E8,8,0341058DAAAAAAAA
10445838,0x7DF,8,02012F0000000000
10457907,0x7E8,8,03412F0CAAAAAAAA
10479906,0x130,5,C541FFFFFF
10513836,0x7DF,8,0201420000000000
10525907,0x7E8,8,044142377EAAAAAA
10527141,0x7EC,8,0441423531AAAAAA
10578836,0x7DF,8,0201010000000000
10580521,0x130,5,C541FFFFFF
10591977,0x7E8,8,0641018307E100AA
10592911,0x7EC,8,06410100040000AA
10643836,0x7DF,8,0201040000000000
10655907,0x7E8,8,0341044CAAAAAAAA
10676906,0x130,5,C541FFFFFF
10708836,0x7DF,8,0201110000000000
10720907,0x7E8,8,03411120AAAAAAAA
10772838,0x7DF,8,02010F0000000000
10774997,0x130,5,C541FFFFFF
10786930,0x7E8,8,03410F62AAAAAAAA
10840836,0x7DF,8,0201060000000000
10853907,0x7E8,8,0341067FAAAAAAAA
10875906,0x130,5,C541FFFFFF
10906836,0x7DF,8,02010C0000000000
10918915,0x7EC,8,04410C0D90AAAAAA
10920203,0x7E8,8,04410C0D8CAAAAAA
10971836,0x7DF,8,02010D0000000000
10974225,0x130,5,C541FFFFFF
10975752,0x7EC,8,03410D00AAAAAAAA
10977135,0x7E8,8,03410D00AAAAAAAA
11038836,0x7DF,8,0201050000000000
11051907,0x7E8,8,0341058DAAAAAAAA
11073906,0x130,5,C541FFFFFF
11104836,0x7DF,8,0201040000000000
11116907,0x7E8,8,0341044CAAAAAAAA
11168838,0x7DF,8,0201110000000000
11180906,0x130,5,C541FFFFFF
11182258,0x7E8,8,03411120AAAAAAAA
11243836,0x7DF,8,02010C0000000000
11246986,0x7E8,8,04410C0D90AAAAAA
11258938,0x7EC,8,04410C0D66AAAAAA
11280906,0x130,5,C541FFFFFF
11311836,0x7DF,8,02010D0000000000
11323907,0x7E8,8,03410D00AAAAAAAA
11325211,0x7EC,8,03410D00AAAAAAAA
11376836,0x7DF,8,0201050000000000
11379228,0x130,5,C541FFFFFF
11390930,0x7E8,8,0341058DAAAAAAAA
11472836,0x7DF,8,0201070000000000
11476079,0x130,5,C541FFFFFF
11478011,0x7E8,8,0341077FAAAAAAAA
11539836,0x7DF,8,02010C0000000000
11551907,0x7EC,8,04410C0D58AAAAAA
11553039,0x7E8,8,04410C0D52AAAAAA
11573906,0x130,5,C541FFFFFF
11605836,0x7DF,8,02010D0000000000
11619907,0x7EC,8,03410D00AAAAAAAA
11621524,0x7E8,8,03410D00AAAAAAAA
11672836,0x7DF,8,0201050000000000
11674250,0x130,5,C541FFFFFF
11684930,0x7E8,8,0341058DAAAAAAAA
11735836,0x7DF,8,02012F0000000000
11748907,0x7E8,8,03412F0CAAAAAAAA
11780906,0x130,5,C541FFFFFF
11801836,0x7DF,8,0201420000000000
11813907,0x7EC,8,044142354CAAAAAA
11815891,0x7E8,8,0441423766AAAAAA
11867836,0x7DF,8,0201010000000000
11880906,0x130,5,C541FFFFFF
11882279,0x7EC,8,06410100040000AA
11883822,0x7E8,8,0641018307E100AA
11935838,0x7DF,8,0201040000000000
11948907,0x7E8,8,0341044CAAAAAAAA
11980906,0x130,5,C541FFFFFF
12001836,0x7DF,8,0201110000000000
12013907,0x7E8,8,03411120AAAAAAAA
12065836,0x7DF,8,02010F0000000000
12077906,0x130,5,C541FFFFFF
12079170,0x7E8,8,03410F62AAAAAAAA
12130836,0x7DF,8,0201060000000000
12143907,0x7E8,8,0341067FAAAAAAAA
12175906,0x130,5,C541FFFFFF
12196836,0x7DF,8,0201330000000000
12208907,0x7E8,8,03413364AAAAAAAA
12259836,0x7DF,8,02011F0000000000
12273907,0x7E8,8,04411F05EBAAAAAA
12275342,0x130,5,C541FFFFFF
12326839,0x7DF,8,0201010000000000
12339907,0x7EC,8,06410100040000AA
12340943,0x7E8,8,0641018307E100AA
12371906,0x130,5,C541FFFFFF
12393835,0x7E0,8,0203000000000000
12395030,0x7E0,8,30000A0000000000
12456835,0x7E0,8,0207000000000000
12458842,0x7E0,8,30000A0000000000
12480906,0x130,5,C541FFFFFF
12522836,0x7E0,8,020A000000000000
12524082,0x7E0,8,30000A0000000000
12575906,0x130,5,C541FFFFFF
12587836,0x7DF,8,02010C0000000000
12599907,0x7EC,8,04410C0DACAAAAAA
12601151,0x7E8,8,04410C0D98AAAAAA
12652836,0x7DF,8,02010D0000000000
12665907,0x7E8,8,03410D00AAAAAAAA
12666841,0x7EC,8,03410D00AAAAAAAA
12677942,0x130,5,C541FFFFFF
12719836,0x7DF,8,0201050000000000
12731907,0x7E8,8,0341058DAAAAAAAA
12775906,0x130,5,C541FFFFFF
12787836,0x7DF,8,02012F0000000000
12799907,0x7E8,8,03412F0CAAAAAAAA
12850836,0x7DF,8,0201420000000000
12862907,0x7EC,8,0441423531AAAAAA
12864226,0x7E8,8,0441423766AAAAAA
12875942,0x130,5,C541FFFFFF
12917836,0x7DF,8,0201010000000000
12929915,0x7EC,8,06410100040000AA
12931165,0x7E8,8,0641018307E100AA
12972906,0x130,5,C541FFFFFF
12984836,0x7DF,8,0201040000000000
12996907,0x7E8,8,0341044CAAAAAAAA
13047836,0x7DF,8,0201110000000000
13060907,0x7E8,8,0341111FAAAAAAAA
13072942,0x130,5,C541FFFFFF
13113836,0x7DF,8,02010F0000000000
13125907,0x7E8,8,03410F62AAAAAAAA
13177838,0x7DF,8,0201060000000000
13180715,0x130,5,C541FFFFFF
13192930,0x7E8,8,03410680AAAAAAAA
13244838,0x7DF,8,0201070000000000
13257907,0x7E8,8,0341077FAAAAAAAA
13279906,0x130,5,C541FFFFFF
13311836,0x7DF,8,02010C0000000000
13322907,0x7E8,8,04410C0D2CAAAAAA
13324143,0x7EC,8,04410C0D64AAAAAA
13375836,0x7DF,8,02010D0000000000
13378189,0x130,5,C541FFFFFF
13389930,0x7EC,8,03410D00AAAAAAAA
13391196,0x7E8,8,03410D00AAAAAAAA
13442836,0x7DF,8,0201050000000000
13455907,0x7E8,8,0341058DAAAAAAAA
13477906,0x130,5,C541FFFFFF
13509836,0x7DF,8,0201040000000000
13521907,0x7E8,8,0341044BAAAAAAAA
13572836,0x7DF,8,0201110000000000
13575547,0x130,5,C541FFFFFF
13577523,0x7E8,8,0341111FAAAAAAAA
13638836,0x7DF,8,02010C0000000000
13651907,0x7EC,8,04410C0D6EAAAAAA
13653550,0x7E8,8,04410C0D7CAAAAAA
13674906,0x130,5,C541FFFFFF
13706836,0x7DF,8,02010D0000000000
13718907,0x7EC,8,03410D00AAAAAAAA
13720147,0x7E8,8,03410D00AAAAAAAA
13771836,0x7DF,8,0201050000000000
13773877,0x130,5,C541FFFFFF
13785930,0x7E8,8,0341058DAAAAAAAA
13837838,0x7DF,8,02012F0000000000
13849907,0x7E8,8,03412F0CAAAAAAAA
13871906,0x130,5,C541FFFFFF
13903836,0x7DF,8,0201420000000000
13915907,0x7E8,8,044142374FAAAAAA
13917155,0x7EC,8,044142354CAAAAAA
13968836,0x7DF,8,0201010000000000
13972007,0x130,5,C541FFFFFF
13982938,0x7EC,8,06410100040000AA
13984245,0x7E8,8,0641018307E100AA
14034836,0x7DF,8,0201040000000000
14046907,0x7E8,8,0341044BAAAAAAAA
14077906,0x130,5,C541FFFFFF
14099836,0x7DF,8,0201110000000000
14111907,0x7E8,8,0341111FAAAAAAAA
14162836,0x7DF,8,02010F0000000000
14174907,0x7E8,8,03410F62AAAAAAAA
14176725,0x130,5,C541FFFFFF
14227836,0x7DF,8,0201060000000000
14239907,0x7E8,8,0341067FAAAAAAAA
14270926,0x130,5,C541FFFFFF
14293836,0x7DF,8,0201330000000000
14305907,0x7E8,8,03413364AAAAAAAA
14356836,0x7DF,8,02011F0000000000
14368907,0x7E8,8,04411F05EDAAAAAA
14380942,0x130,5,C541FFFFFF
14422836,0x7DF,8,02010C0000000000
14434907,0x7E8,8,04410C0D6EAAAAAA
14436141,0x7EC,8,04410C0D74AAAAAA
14477906,0x130,5,C541FFFFFF
14489836,0x7DF,8,02010D0000000000
14501907,0x7EC,8,03410D00AAAAAAAA
14503147,0x7E8,8,03410D00AAAAAAAA
14554836,0x7DF,8,0201050000000000
14567907,0x7E8,8,0341058DAAAAAAAA
14579942,0x130,5,C541FFFFFF
14621836,0x7DF,8,0201040000000000
14633907,0x7E8,8,0341044BAAAAAAAA
14674906,0x130,5,C541FFFFFF
14686836,0x7DF,8,0201110000000000
14698907,0x7E8,8,0341111FAAAAAAAA
14760836,0x7DF,8,02010C0000000000
14773907,0x7E8,8,04410C0D7EAAAAAA
14775362,0x7EC,8,04410C0D7AAAAAAA
14776831,0x130,5,C541FFFFFF
14828836,0x7DF,8,02010D0000000000
14840907,0x7EC,8,03410D00AAAAAAAA
14842192,0x7E8,8,03410D00AAAAAAAA
14873906,0x130,5,C541FFFFFF
14894836,0x7DF,8,0201050000000000
14906907,0x7E8,8,0341058DAAAAAAAA
14958838,0x7DF,8,02012F0000000000
14970907,0x7E8,8,03412F0CAAAAAAAA
14972289,0x130,5,C541FFFFFF
15023836,0x7DF,8,0201420000000000
15027058,0x7E8,8,0441423737AAAAAA
15038938,0x7EC,8,0441423531AAAAAA
15070906,0x130,5,C541FFFFFF
15092836,0x7DF,8,0201010000000000
15104907,0x7E8,8,0641018307E100AA
15105917,0x7EC,8,06410100040000AA
15156836,0x7DF,8,0201040000000000
15168907,0x7E8,8,0341044AAAAAAAAA
15170765,0x130,5,C541FFFFFF
15222836,0x7DF,8,0201110000000000
15234915,0x7E8,8,03411120AAAAAAAA
15276906,0x130,5,C541FFFFFF
15287836,0x7DF,8,02010F0000000000
15299907,0x7E8,8,03410F62AAAAAAAA
15351836,0x7DF,8,0201060000000000
15364907,0x7E8,8,0341067FAAAAAAAA
15376942,0x130,5,C541FFFFFF
15418836,0x7DF,8,0201070000000000
15430907,0x7E8,8,0341077FAAAAAAAA
15472906,0x130,5,C541FFFFFF
15483836,0x7DF,8,02010C0000000000
15495907,0x7EC,8,04410C0D72AAAAAA
15497353,0x7E8,8,04410C0D68AAAAAA
15550836,0x7DF,8,02010D0000000000
15562907,0x7E8,8,03410D00AAAAAAAA
15564144,0x7EC,8,03410D00AAAAAAAA
15575942,0x130,5,C541FFFFFF
15616836,0x7DF,8,0201050000000000
15628907,0x7E8,8,0341058DAAAAAAAA
15670906,0x130,5,C541FFFFFF
15681836,0x7DF,8,0201040000000000
15693907,0x7E8,8,0341044BAAAAAAAA
15744836,0x7DF,8,0201110000000000
15758907,0x7E8,8,0341111FAAAAAAAA
15770942,0x130,5,C541FFFFFF
15811836,0x7DF,8,0201330000000000
15823907,0x7E8,8,03413364AAAAAAAA
15875840,0x7DF,8,02010C0000000000
15877897,0x130,5,C541FFFFFF
15889930,0x7EC,8,04410C0D76AAAAAA
15891218,0x7E8,8,04410C0D7AAAAAAA
15942836,0x7DF,8,02010D0000000000
15946400,0x7E8,8,03410D00AAAAAAAA
15957938,0x7EC,8,03410D00AAAAAAAA
15979906,0x130,5,C541FFFFFF
16010839,0x7DF,8,0201050000000000
16021907,0x7E8,8,0341058DAAAAAAAA
16073840,0x7DF,8,02012F0000000000
16075893,0x130,5,C541FFFFFF
16086930,0x7E8,8,03412F0CAAAAAAAA
16138838,0x7DF,8,0201420000000000
16151907,0x7EC,8,0441423583AAAAAA
16153238,0x7E8,8,04414237C5AAAAAA
16174906,0x130,5,C541FFFFFF
16205836,0x7DF,8,0201010000000000
16217907,0x7EC,8,06410100040000AA
16219798,0x7E8,8,0641018307E100AA
16271836,0x7DF,8,0201040000000000
16274158,0x130,5,C541FFFFFF
16285930,0x7E8,8,0341044AAAAAAAAA
16337840,0x7DF,8,0201110000000000
16350907,0x7E8,8,0341111FAAAAAAAA
16372906,0x130,5,C541FFFFFF
16404836,0x7DF,8,02010F0000000000
16416907,0x7E8,8,03410F62AAAAAAAA
16467836,0x7DF,8,0201060000000000
16479906,0x130,5,C541FFFFFF
16481133,0x7E8,8,0341067FAAAAAAAA
16532836,0x7DF,8,02011F0000000000
16545907,0x7E8,8,04411F05EFAAAAAA
16577906,0x130,5,C541FFFFFF
16599836,0x7DF,8,02010C0000000000
16611907,0x7E8,8,04410C0D52AAAAAA
16613118,0x7EC,8,04410C0D32AAAAAA
16664836,0x7DF,8,02010D0000000000
16677907,0x7EC,8,03410D00AAAAAAAA
16679233,0x130,5,C541FFFFFF
16680645,0x7E8,8,03410D00AAAAAAAA
16731836,0x7DF,8,0201050000000000
16745907,0x7E8,8,0341058DAAAAAAAA
16777906,0x130,5,C541FFFFFF
16798836,0x7DF,8,0201040000000000
16810907,0x7E8,8,0341044AAAAAAAAA
16861836,0x7DF,8,0201110000000000
16874907,0x7E8,8,0341111FAAAAAAAA
16876277,0x130,5,C541FFFFFF
16937836,0x7DF,8,02010C0000000000
16951907,0x7EC,8,04410C0D54AAAAAA
16953146,0x7E8,8,04410C0D3EAAAAAA
16974906,0x130,5,C541FFFFFF
17006836,0x7DF,8,02010D0000000000
17018907,0x7EC,8,03410D00AAAAAAAA
17020118,0x7E8,8,03410D00AAAAAAAA
17071838,0x7DF,8,0201050000000000
17074994,0x130,5,C541FFFFFF
17076538,0x7E8,8,0341058DAAAAAAAA
17137838,0x7DF,8,02012F0000000000
17151907,0x7E8,8,03412F0CAAAAAAAA
17173906,0x130,5,C541FFFFFF
17204836,0x7DF,8,0201420000000000
17216907,0x7EC,8,0441423567AAAAAA
17218132,0x7E8,8,044142377EAAAAAA
17269836,0x7DF,8,0201010000000000
17273080,0x130,5,C541FFFFFF
17284938,0x7EC,8,06410100040000AA
17286209,0x7E8,8,0641018307E100AA
17337836,0x7DF,8,0201040000000000
17349907,0x7E8,8,0341044BAAAAAAAA
17371906,0x130,5,C541FFFFFF
17402836,0x7DF,8,0201110000000000
17414907,0x7E8,8,03411120AAAAAAAA
17466836,0x7DF,8,02010F0000000000
17478906,0x130,5,C541FFFFFF
17480191,0x7E8,8,03410F62AAAAAAAA
17531843,0x7DF,8,0201010000000000
17544907,0x7E8,8,0641018307E100AA
17548815,0x7EC,8,06410100040000AA
17570906,0x130,5,C541FFFFFF
17591835,0x7E0,8,0203000000000000
17593036,0x7E0,8,30000A0000000000
17654835,0x7E0,8,0207000000000000
17658458,0x7E0,8,30000A0000000000
17679906,0x130,5,C541FFFFFF
17721836,0x7E0,8,020A000000000000
17723055,0x7E0,8,30000A0000000000
17774906,0x130,5,C541FFFFFF
17786836,0x7DF,8,0201060000000000
17798907,0x7E8,8,0341067FAAAAAAAA
17849836,0x7DF,8,0201070000000000
17861907,0x7E8,8,0341077FAAAAAAAA
17872942,0x130,5,C541FFFFFF
17914836,0x7DF,8,0201330000000000
17926907,0x7E8,8,03413364AAAAAAAA
17977836,0x7DF,8,02010C0000000000
17980673,0x130,5,C541FFFFFF
17982560,0x7EC,8,04410C0D6CAAAAAA
17993942,0x7E8,8,04410C0D84AAAAAA
18045838,0x7DF,8,02010D0000000000
18057925,0x7EC,8,03410D00AAAAAAAA
18061192,0x7E8,8,03410D00AAAAAAAA
18072942,0x130,5,C541FFFFFF
18114836,0x7DF,8,0201050000000000
18126907,0x7E8,8,0341058DAAAAAAAA
18178838,0x7DF,8,02012F0000000000
18181665,0x130,5,C541FFFFFF
18192930,0x7E8,8,03412F0CAAAAAAAA
18244838,0x7DF,8,0201420000000000
18256907,0x7EC,8,0441423567AAAAAA
18258263,0x7E8,8,0441423766AAAAAA
18279906,0x130,5,C541FFFFFF
18311836,0x7DF,8,0201010000000000
18323907,0x7E8,8,0641018307E100AA
18325153,0x7EC,8,06410100040000AA
18376836,0x7DF,8,0201040000000000
18380076,0x130,5,C541FFFFFF
18391930,0x7E8,8,0341044BAAAAAAAA
18443838,0x7DF,8,0201110000000000
18465907,0x7E8,8,0341111FAAAAAAAA
18477942,0x130,5,C541FFFFFF
18509836,0x7DF,8,02010F0000000000
18521907,0x7E8,8,03410F62AAAAAAAA
18573838,0x7DF,8,02011F0000000000
18576796,0x130,5,C541FFFFFF
18588930,0x7E8,8,04411F05F1AAAAAA
18640838,0x7DF,8,02010C0000000000
18653907,0x7EC,8,04410C0D6EAAAAAA
18654916,0x7E8,8,04410C0D54AAAAAA
18675916,0x130,5,C541FFFFFF
18708836,0x7DF,8,02010D0000000000
18719907,0x7EC,8,03410D00AAAAAAAA
18721541,0x7E8,8,03410D00AAAAAAAA
18772836,0x7DF,8,0201050000000000
18774419,0x130,5,C541FFFFFF
18778402,0x7E8,8,0341058DAAAAAAAA
18839836,0x7DF,8,0201040000000000
18852907,0x7E8,8,0341044BAAAAAAAA
18874906,0x130,5,C541FFFFFF
18905836,0x7DF,8,0201110000000000
18917907,0x7E8,8,0341111FAAAAAAAA
18968836,0x7DF,8,0201060000000000
18970276,0x130,5,C541FFFFFF
18981938,0x7E8,8,03410680AAAAAAAA
19033836,0x7DF,8,02010C0000000000
19045907,0x7EC,8,04410C0D22AAAAAA
19047147,0x7E8,8,04410C0D3CAAAAAA
19077906,0x130,5,C541FFFFFF
19098836,0x7DF,8,02010D0000000000
19110907,0x7E8,8,03410D00AAAAAAAA
19112156,0x7EC,8,03410D00AAAAAAAA
19163836,0x7DF,8,0201050000000000
19176906,0x130,5,C541FFFFFF
19178240,0x7E8,8,0341058DAAAAAAAA
19230836,0x7DF,8,02012F0000000000
19243907,0x7E8,8,03412F0CAAAAAAAA
19275906,0x130,5,C541FFFFFF
19296836,0x7DF,8,0201420000000000
19308907,0x7EC,8,0441423567AAAAAA
19310164,0x7E8,8,0441423766AAAAAA
19361836,0x7DF,8,0201010000000000
19374907,0x7E8,8,0641018307E100AA
19376274,0x130,5,C541FFFFFF
19377736,0x7EC,8,06410100040000AA
19428836,0x7DF,8,0201040000000000
19440907,0x7E8,8,0341044AAAAAAAAA
19472906,0x130,5,C541FFFFFF
19493836,0x7DF,8,0201110000000000
19515907,0x7E8,8,0341111FAAAAAAAA
19557836,0x7DF,8,02010F0000000000
19569914,0x7E8,8,03410F62AAAAAAAA
19571145,0x130,5,C541FFFFFF
19622836,0x7DF,8,0201070000000000
19635907,0x7E8,8,0341077FAAAAAAAA
19677906,0x130,5,C541FFFFFF
19688836,0x7DF,8,0201330000000000
19700907,0x7E8,8,03413364AAAAAAAA
19752836,0x7DF,8,02010C0000000000
19765907,0x7E8,8,04410C0D1CAAAAAA
19767293,0x7EC,8,04410C0D1CAAAAAA
19778942,0x130,5,C541FFFFFF
19819836,0x7DF,8,02010D0000000000
19831907,0x7EC,8,03410D00AAAAAAAA
19833183,0x7E8,8,03410D00AAAAAAAA
19874906,0x130,5,C541FFFFFF
19885836,0x7DF,8,0201050000000000
19897907,0x7E8,8,0341058DAAAAAAAA
19948836,0x7DF,8,0201040000000000
19960907,0x7E8,8,0341044AAAAAAAAA
19971942,0x130,5,C541FFFFFF
20013836,0x7DF,8,0201110000000000
20025907,0x7E8,8,0341111FAAAAAAAA
20077838,0x7DF,8,0201060000000000
20079955,0x130,5,C541FFFFFF
20091930,0x7E8,8,03410680AAAAAAAA
20143838,0x7DF,8,02010C0000000000
20146646,0x7E8,8,04410C0D38AAAAAA
20158938,0x7EC,8,04410C0D2EAAAAAA
20170934,0x130,5,C541FFFFFF
20212836,0x7DF,8,02010D0000000000
20224925,0x7E8,8,03410D00AAAAAAAA
20226615,0x7EC,8,03410D00AAAAAAAA
20269910,0x130,5,C541FFFFFF
20281844,0x7DF,8,0201050000000000
20293907,0x7E8,8,0341058DAAAAAAAA
20344836,0x7DF,8,02012F0000000000
20348310,0x7E8,8,03412F0CAAAAAAAA
20369906,0x130,5,C541FFFFFF
20411836,0x7DF,8,0201420000000000
20425907,0x7E8,8,0441423795AAAAAA
20427769,0x7EC,8,044142354CAAAAAA
20478836,0x7DF,8,0201010000000000
20480287,0x130,5,C541FFFFFF
20491930,0x7E8,8,0641018307E100AA
20492875,0x7EC,8,06410100040000AA
20543836,0x7DF,8,0201040000000000
20555907,0x7E8,8,0341044AAAAAAAAA
20576906,0x130,5,C541FFFFFF
20608836,0x7DF,8,0201110000000000
20620907,0x7E8,8,0341111FAAAAAAAA
20672836,0x7DF,8,02010F0000000000
20674305,0x130,5,C541FFFFFF
20685930,0x7E8,8,03410F62AAAAAAAA
20737838,0x7DF,8,02011F0000000000
20750907,0x7E8,8,04411F05F3AAAAAA
20772906,0x130,5,C541FFFFFF
20803836,0x7DF,8,02010C0000000000
20815907,0x7EC,8,04410C0D5EAAAAAA
20818102,0x7E8,8,04410C0D46AAAAAA
20869843,0x7DF,8,02010D0000000000
20872982,0x130,5,C541FFFFFF
20884930,0x7EC,8,03410D00AAAAAAAA
20886208,0x7E8,8,03410D00AAAAAAAA
20937836,0x7DF,8,0201050000000000
20950907,0x7E8,8,0341058DAAAAAAAA
20972906,0x130,5,C541FFFFFF
21003836,0x7DF,8,0201040000000000
21015907,0x7E8,8,0341044AAAAAAAAA
21066836,0x7DF,8,0201110000000000
21070236,0x130,5,C541FFFFFF
21081938,0x7E8,8,0341111FAAAAAAAA
21133838,0x7DF,8,0201060000000000
21136671,0x7E8,8,03410680AAAAAAAA
21178906,0x130,5,C541FFFFFF
21200836,0x7DF,8,0201070000000000
21212907,0x7E8,8,0341077FAAAAAAAA
21263836,0x7DF,8,0201330000000000
21267257,0x7E8,8,03413364AAAAAAAA
21278938,0x130,5,C541FFFFFF
21330838,0x7DF,8,02010C0000000000
21343907,0x7E8,8,04410C0D3CAAAAAA
21345216,0x7EC,8,04410C0D3CAAAAAA
21376906,0x130,5,C541FFFFFF
21398836,0x7DF,8,02010D0000000000
21410907,0x7E8,8,03410D00AAAAAAAA
21411925,0x7EC,8,03410D00AAAAAAAA
21462836,0x7DF,8,0201050000000000
21474907,0x7E8,8,0341058DAAAAAAAA
21476188,0x130,5,C541FFFFFF
21527836,0x7DF,8,02012F0000000000
21540937,0x7E8,8,03412F0CAAAAAAAA
21572906,0x130,5,C541FFFFFF
21594836,0x7DF,8,0201420000000000
21606907,0x7EC,8,0441423567AAAAAA
21608145,0x7E8,8,0441423795AAAAAA
21659836,0x7DF,8,0201010000000000
21672907,0x7EC,8,06410100040000AA
21674242,0x7E8,8,0641018307E100AA
21675073,0x130,5,C541FFFFFF
21726839,0x7DF,8,0201040000000000
21738907,0x7E8,8,0341044BAAAAAAAA
21770906,0x130,5,C541FFFFFF
21792836,0x7DF,8,0201110000000000
21804907,0x7E8,8,0341111FAAAAAAAA
21856838,0x7DF,8,02010F0000000000
21869907,0x7E8,8,03410F62AAAAAAAA
21871246,0x130,5,C541FFFFFF
21922836,0x7DF,8,02010C0000000000
21934907,0x7E8,8,04410C0D28AAAAAA
21936265,0x7EC,8,04410C0D28AAAAAA
21977906,0x130,5,C541FFFFFF
21989836,0x7DF,8,02010D0000000000
22001907,0x7EC,8,03410D00AAAAAAAA
22003152,0x7E8,8,03410D00AAAAAAAA
22054836,0x7DF,8,0201050000000000
22067907,0x7E8,8,0341058DAAAAAAAA
22079942,0x130,5,C541FFFFFF
22141836,0x7DF,8,0201060000000000
22154924,0x7E8,8,03410680AAAAAAAA
22177906,0x130,5,C541FFFFFF
22209836,0x7DF,8,02010C0000000000
22221907,0x7EC,8,04410C0D30AAAAAA
22223155,0x7E8,8,04410C0D26AAAAAA
22274836,0x7DF,8,02010D0000000000
22276743,0x130,5,C541FFFFFF
22288930,0x7EC,8,03410D00AAAAAAAA
22289938,0x7E8,8,03410D00AAAAAAAA
22340836,0x7DF,8,0201050000000000
22352907,0x7E8,8,0341058DAAAAAAAA
22373906,0x130,5,C541FFFFFF
22405836,0x7DF,8,0201040000000000
22417907,0x7E8,8,0341044BAAAAAAAA
22468836,0x7DF,8,0201110000000000
22471620,0x130,5,C541FFFFFF
22482938,0x7E8,8,0341111FAAAAAAAA
22544836,0x7DF,8,02010C0000000000
22557907,0x7EC,8,04410C0D30AAAAAA
22559394,0x7E8,8,04410C0D2EAAAAAA
22570942,0x130,5,C541FFFFFF
22612836,0x7DF,8,02010D0000000000
22624907,0x7E8,8,03410D00AAAAAAAA
22626142,0x7EC,8,03410D00AAAAAAAA
22677836,0x7DF,8,0201050000000000
22681222,0x130,5,C541FFFFFF
22692930,0x7E8,8,0341058DAAAAAAAA
22744839,0x7DF,8,0201010000000000
22756907,0x7EC,8,06410100040000AA
22758135,0x7E8,8,0641018307E100AA
22769942,0x130,5,C541FFFFFF
22811835,0x7E0,8,0203000000000000
22813097,0x7E0,8,30000A0000000000
22874835,0x7E0,8,0207000000000000
22876862,0x7E0,8,30000A0000000000
22879100,0x130,5,C541FFFFFF
22940836,0x7E0,8,020A000000000000
22943510,0x7E0,8,30000A0000000000
22975906,0x130,5,C541FFFFFF
23007836,0x7DF,8,02012F0000000000
23019907,0x7E8,8,03412F0CAAAAAAAA
23070836,0x7DF,8,0201420000000000
23072522,0x130,5,C541FFFFFF
23083930,0x7EC,8,044142354CAAAAAA
23085803,0x7E8,8,04414237ADAAAAAA
23136836,0x7DF,8,0201010000000000
23148907,0x7EC,8,06410100040000AA
23150118,0x7E8,8,0641018307E100AA
23170906,0x130,5,C541FFFFFF
23202836,0x7DF,8,0201040000000000
23214907,0x7E8,8,0341044BAAAAAAAA
23265836,0x7DF,8,0201110000000000
23277906,0x130,5,C541FFFFFF
23279361,0x7E8,8,0341111FAAAAAAAA
23332836,0x7DF,8,02010F0000000000
23345907,0x7E8,8,03410F62AAAAAAAA
23377906,0x130,5,C541FFFFFF
23398836,0x7DF,8,0201060000000000
23410907,0x7E8,8,03410680AAAAAAAA
23462840,0x7DF,8,0201070000000000
23474907,0x7E8,8,0341077FAAAAAAAA
23476279,0x130,5,C541FFFFFF
23527836,0x7DF,8,0201330000000000
23541907,0x7E8,8,03413364AAAAAAAA
23573906,0x130,5,C541FFFFFF
23595836,0x7DF,8,02011F0000000000
23607907,0x7E8,8,04411F05F6AAAAAA
23659838,0x7DF,8,02010C0000000000
23671907,0x7EC,8,04410C0D48AAAAAA
23673240,0x7E8,8,04410C0D3AAAAAAA
23674733,0x130,5,C541FFFFFF
23726838,0x7DF,8,02010D0000000000
23739907,0x7EC,8,03410D00AAAAAAAA
23741228,0x7E8,8,03410D00AAAAAAAA
23772906,0x130,5,C541FFFFFF
23793836,0x7DF,8,0201050000000000
23805907,0x7E8,8,0341058DAAAAAAAA
23857838,0x7DF,8,0201040000000000
23869907,0x7E8,8,0341044CAAAAAAAA
23871234,0x130,5,C541FFFFFF
23922836,0x7DF,8,0201110000000000
23926074,0x7E8,8,0341111FAAAAAAAA
23977906,0x130,5,C541FFFFFF
23989836,0x7DF,8,02010C0000000000
24001915,0x7EC,8,04410C0D46AAAAAA
24003853,0x7E8,8,04410C0D50AAAAAA
24055836,0x7DF,8,02010D0000000000
24068907,0x7EC,8,03410D00AAAAAAAA
24070299,0x7E8,8,03410D00AAAAAAAA
24071697,0x130,5,C541FFFFFF
24123838,0x7DF,8,0201050000000000
24135907,0x7E8,8,0341058DAAAAAAAA
24177906,0x130,5,C541FFFFFF
24189836,0x7DF,8,02012F0000000000
24201925,0x7E8,8,03412F0CAAAAAAAA
24255836,0x7DF,8,0201420000000000
24268907,0x7EC,8,044142354CAAAAAA
24270255,0x7E8,8,0441423795AAAAAA
24271636,0x130,5,C541FFFFFF
24322836,0x7DF,8,0201010000000000
24326018,0x7E8,8,0641018307E100AA
24337938,0x7EC,8,06410100040000AA
24369906,0x130,5,C541FFFFFF
24390836,0x7DF,8,0201040000000000
24402907,0x7E8,8,0341044BAAAAAAAA
24454836,0x7DF,8,0201110000000000
24466907,0x7E8,8,0341111EAAAAAAAA
24478942,0x130,5,C541FFFFFF
24520836,0x7DF,8,02010F0000000000
24532907,0x7E8,8,03410F62AAAAAAAA
24574906,0x130,5,C541FFFFFF
24586836,0x7DF,8,0201060000000000
24598907,0x7E8,8,03410680AAAAAAAA
24650838,0x7DF,8,02010C0000000000
24663907,0x7E8,8,04410C0D1AAAAAAA
24665230,0x7EC,8,04410C0D2AAAAAAA
24676942,0x130,5,C541FFFFFF
24717836,0x7DF,8,02010D0000000000
24729907,0x7EC,8,03410D00AAAAAAAA
24731163,0x7E8,8,03410D00AAAAAAAA
24772906,0x130,5,C541FFFFFF
24783836,0x7DF,8,0201050000000000
24795907,0x7E8,8,0341058DAAAAAAAA
24847838,0x7DF,8,0201040000000000
24860907,0x7E8,8,0341044BAAAAAAAA
24872942,0x130,5,C541FFFFFF
24914836,0x7DF,8,0201110000000000
24926907,0x7E8,8,03411120AAAAAAAA
24968924,0x130,5,C541FFFFFF
24990836,0x7DF,8,02010C0000000000
25002915,0x7EC,8,04410C0D34AAAAAA
25003920,0x7E8,8,04410C0D42AAAAAA
25054836,0x7DF,8,02010D0000000000
25066907,0x7EC,8,03410D00AAAAAAAA
25067919,0x7E8,8,03410D00AAAAAAAA
25068879,0x130,5,C541FFFFFF
25119836,0x7DF,8,0201050000000000
25131907,0x7E8,8,0341058DAAAAAAAA
25173906,0x130,5,C541FFFFFF
25214836,0x7DF,8,0201070000000000
25227591,0x7E8,8,0341077FAAAAAAAA
25269906,0x130,5,C541FFFFFF
25281836,0x7DF,8,0201330000000000
25293907,0x7E8,8,03413364AAAAAAAA
25344836,0x7DF,8,02010C0000000000
25358907,0x7EC,8,04410C0D32AAAAAA
25360303,0x7E8,8,04410C0D3AAAAAAA
25371942,0x130,5,C541FFFFFF
25412836,0x7DF,8,02010D0000000000
25424907,0x7E8,8,03410D00AAAAAAAA
25426116,0x7EC,8,03410D00AAAAAAAA
25477836,0x7DF,8,0201050000000000
25480992,0x130,5,C541FFFFFF
25492930,0x7E8,8,0341058DAAAAAAAA
25544838,0x7DF,8,02012F0000000000
25557907,0x7E8,8,03412F0CAAAAAAAA
25569942,0x130,5,C541FFFFFF
25611836,0x7DF,8,0201420000000000
25623907,0x7E8,8,0441423766AAAAAA
25625195,0x7EC,8,0441423567AAAAAA
25676836,0x7DF,8,0201010000000000
25679986,0x130,5,C541FFFFFF
25691930,0x7EC,8,06410100040000AA
25693187,0x7E8,8,0641018307E100AA
25744836,0x7DF,8,0201040000000000
25757907,0x7E8,8,0341044CAAAAAAAA
25769942,0x130,5,C541FFFFFF
25810836,0x7DF,8,0201110000000000
25822907,0x7E8,8,0341111FAAAAAAAA
25873836,0x7DF,8,02010F0000000000
25875323,0x130,5,C541FFFFFF
25886930,0x7E8,8,03410F62AAAAAAAA
25937836,0x7DF,8,0201060000000000
25949907,0x7E8,8,03410680AAAAAAAA
25971906,0x130,5,C541FFFFFF
26002836,0x7DF,8,02011F0000000000
26014914,0x7E8,8,04411F05F8AAAAAA
26065836,0x7DF,8,02010C0000000000
26069166,0x130,5,C541FFFFFF
26070507,0x7EC,8,04410C0D30AAAAAA
26081942,0x7E8,8,04410C0D2AAAAAAA
26133838,0x7DF,8,02010D0000000000
26145918,0x7EC,8,03410D00AAAAAAAA
26149660,0x7E8,8,03410D00AAAAAAAA
26171906,0x130,5,C541FFFFFF
26202836,0x7DF,8,0201050000000000
26214907,0x7E8,8,0341058DAAAAAAAA
26265836,0x7DF,8,0201040000000000
26269176,0x130,5,C541FFFFFF
26280938,0x7E8,8,0341044BAAAAAAAA
26332838,0x7DF,8,0201110000000000
26344907,0x7E8,8,0341111FAAAAAAAA
26376906,0x130,5,C541FFFFFF
26408836,0x7DF,8,02010C0000000000
26420907,0x7EC,8,04410C0D3EAAAAAA
26422143,0x7E8,8,04410C0D50AAAAAA
26473836,0x7DF,8,02010D0000000000
26477041,0x130,5,C541FFFFFF
26488930,0x7EC,8,03410D00AAAAAAAA
26490204,0x7E8,8,03410D00AAAAAAAA
26541836,0x7DF,8,0201050000000000
26553907,0x7E8,8,0341058DAAAAAAAA
26575906,0x130,5,C541FFFFFF
26607836,0x7DF,8,02012F0000000000
26619907,0x7E8,8,03412F0CAAAAAAAA
26670836,0x7DF,8,0201420000000000
26674198,0x130,5,C541FFFFFF
26685930,0x7E8,8,044142374FAAAAAA
26687176,0x7EC,8,0441423531AAAAAA
26738836,0x7DF,8,0201010000000000
26751907,0x7EC,8,06410100040000AA
26753238,0x7E8,8,0641018307E100AA
26774906,0x130,5,C541FFFFFF
26806836,0x7DF,8,0201040000000000
26818907,0x7E8,8,0341044BAAAAAAAA
26870840,0x7DF,8,0201110000000000
26872733,0x130,5,C541FFFFFF
26883930,0x7E8,8,0341111FAAAAAAAA
26935838,0x7DF,8,02010F0000000000
26947907,0x7E8,8,03410F62AAAAAAAA
26969906,0x130,5,C541FFFFFF
27001836,0x7DF,8,0201060000000000
27013907,0x7E8,8,03410680AAAAAAAA
27064836,0x7DF,8,0201070000000000
27076906,0x130,5,C541FFFFFF
27078821,0x7E8,8,0341077FAAAAAAAA
27129836,0x7DF,8,0201330000000000
27141907,0x7E8,8,03413364AAAAAAAA
27172945,0x130,5,C541FFFFFF
27194836,0x7DF,8,02010C0000000000
27206907,0x7EC,8,04410C0D26AAAAAA
27208135,0x7E8,8,04410C0CFCAAAAAA
27259836,0x7DF,8,02010D0000000000
27271907,0x7EC,8,03410D00AAAAAAAA
27273242,0x7E8,8,03410D00AAAAAAAA
27276921,0x130,5,C541FFFFFF
27328836,0x7DF,8,0201050000000000
27340907,0x7E8,8,0341058DAAAAAAAA
27371906,0x130,5,C541FFFFFF
27393836,0x7DF,8,0201040000000000
27405919,0x7E8,8,0341044CAAAAAAAA
27457836,0x7DF,8,0201110000000000
27470907,0x7E8,8,03411120AAAAAAAA
27472243,0x130,5,C541FFFFFF
27533836,0x7DF,8,02010C0000000000
27546907,0x7EC,8,04410C0CFCAAAAAA
27548378,0x7E8,8,04410C0D1AAAAAAA
27569906,0x130,5,C541FFFFFF
27601836,0x7DF,8,02010D0000000000
27613907,0x7E8,8,03410D00AAAAAAAA
27615191,0x7EC,8,03410D00AAAAAAAA
27666836,0x7DF,8,0201050000000000
27678906,0x130,5,C541FFFFFF
27680171,0x7E8,8,0341058DAAAAAAAA
27730836,0x7DF,8,02012F0000000000
27742907,0x7E8,8,03412F0CAAAAAAAA
27773906,0x130,5,C541FFFFFF
27795836,0x7DF,8,0201420000000000
27807907,0x7EC,8,0441423567AAAAAA
27809193,0x7E8,8,0441423737AAAAAA
27860836,0x7DF,8,0201010000000000
27872907,0x7EC,8,06410100040000AA
27874262,0x7E8,8,0641018307E100AA
27875785,0x130,5,C541FFFFFF
27927838,0x7DF,8,0201040000000000
27940907,0x7E8,8,0341044BAAAAAAAA
27972906,0x130,5,C541FFFFFF
27993839,0x7DF,8,0201010000000000
28005915,0x7EC,8,06410100040000AA
28007192,0x7E8,8,0641018307E100AA
28058835,0x7E0,8,0203000000000000
28061086,0x7E0,8,30000A0000000000
28072906,0x130,5,C541FFFFFF
28124838,0x7E0,8,0207000000000000
28127487,0x7E0,8,30000A0000000000
28169906,0x130,5,C541FFFFFF
28191836,0x7E0,8,020A000000000000
28193250,0x7E0,8,30000A0000000000
28254839,0x7DF,8,0201110000000000
28267907,0x7E8,8,03411120AAAAAAAA
28269366,0x130,5,C541FFFFFF
28320836,0x7DF,8,02010F0000000000
28333907,0x7E8,8,03410F62AAAAAAAA
28375906,0x130,5,C541FFFFFF
28386836,0x7DF,8,0201060000000000
28398907,0x7E8,8,0341067FAAAAAAAA
28452838,0x7DF,8,02011F0000000000
28465907,0x7E8,8,04411F05FBAAAAAA
28477942,0x130,5,C541FFFFFF
28518836,0x7DF,8,02010C0000000000
28530907,0x7EC,8,04410C0D48AAAAAA
28531919,0x7E8,8,04410C0D48AAAAAA
28572906,0x130,5,C541FFFFFF
28584836,0x7DF,8,02010D0000000000
28596907,0x7EC,8,03410D00AAAAAAAA
28597950,0x7E8,8,03410D00AAAAAAAA
28648836,0x7DF,8,0201050000000000
28660907,0x7E8,8,0341058DAAAAAAAA
28671942,0x130,5,C541FFFFFF
28713836,0x7DF,8,0201040000000000
28735907,0x7E8,8,0341044CAAAAAAAA
28777836,0x7DF,8,0201110000000000
28779217,0x130,5,C541FFFFFF
28790930,0x7E8,8,0341111FAAAAAAAA
28842838,0x7DF,8,0201070000000000
28855907,0x7E8,8,0341077FAAAAAAAA
28877906,0x130,5,C541FFFFFF
28908836,0x7DF,8,0201330000000000
28920907,0x7E8,8,03413364AAAAAAAA
28972836,0x7DF,8,02010C0000000000
28974254,0x130,5,C541FFFFFF
28985930,0x7E8,8,04410C0D3EAAAAAA
28987154,0x7EC,8,04410C0D3AAAAAAA
29038836,0x7DF,8,02010D0000000000
29051907,0x7EC,8,03410D00AAAAAAAA
29053281,0x7E8,8,03410D00AAAAAAAA
29074906,0x130,5,C541FFFFFF
29105836,0x7DF,8,0201050000000000
29117925,0x7E8,8,0341058DAAAAAAAA
29170836,0x7DF,8,02012F0000000000
29173221,0x130,5,C541FFFFFF
29184930,0x7E8,8,03412F0CAAAAAAAA
29236838,0x7DF,8,0201420000000000
29249907,0x7EC,8,0441423567AAAAAA
29251239,0x7E8,8,0441423766AAAAAA
29272906,0x130,5,C541FFFFFF
29303836,0x7DF,8,0201010000000000
29315907,0x7EC,8,06410100040000AA
29317140,0x7E8,8,0641018307E100AA
29368836,0x7DF,8,0201040000000000
29372029,0x130,5,C541FFFFFF
29383930,0x7E8,8,0341044BAAAAAAAA
29435838,0x7DF,8,0201110000000000
29447907,0x7E8,8,0341111FAAAAAAAA
29469906,0x130,5,C541FFFFFF
29501836,0x7DF,8,02010F0000000000
29513907,0x7E8,8,03410F62AAAAAAAA
29564836,0x7DF,8,0201060000000000
29576906,0x130,5,C541FFFFFF
29577918,0x7E8,8,03410680AAAAAAAA
29628836,0x7DF,8,02010C0000000000
29640907,0x7EC,8,04410C0D0EAAAAAA
29642803,0x7E8,8,04410C0D10AAAAAA
29674906,0x130,5,C541FFFFFF
29695836,0x7DF,8,02010D0000000000
29707907,0x7EC,8,03410D00AAAAAAAA
29709176,0x7E8,8,03410D00AAAAAAAA
29826836,0x7DF,8,0201040000000000
29838907,0x7E8,8,0341044CAAAAAAAA
29870906,0x130,5,C541FFFFFF
29892836,0x7DF,8,0201110000000000
29904907,0x7E8,8,0341111FAAAAAAAA
29966836,0x7DF,8,02010C0000000000
29970009,0x130,5,C541FFFFFF
29971866,0x7EC,8,04410C0D1EAAAAAA
29983942,0x7E8,8,04410C0D24AAAAAA
30034836,0x7DF,8,02010D0000000000
30046914,0x7EC,8,03410D00AAAAAAAA
30048843,0x7E8,8,03410D00AAAAAAAA
30069906,0x130,5,C541FFFFFF
30100836,0x7DF,8,0201050000000000
30112907,0x7E8,8,0341058DAAAAAAAA
30173906,0x130,5,C541FFFFFF
30226836,0x7DF,8,02010C0000000000
30239962,0x7EC,8,04410C0D32AAAAAA
30241610,0x7E8,8,04410C0D2EAAAAAA
30272906,0x130,5,C541FFFFFF
30294836,0x7DF,8,02010D0000000000
30306907,0x7EC,8,03410D00AAAAAAAA
30308147,0x7E8,8,03410D00AAAAAAAA
30359836,0x7DF,8,0201050000000000
30372907,0x7E8,8,0341058DAAAAAAAA
30374239,0x130,5,C541FFFFFF
30425836,0x7DF,8,02012F0000000000
30437907,0x7E8,8,03412F0CAAAAAAAA
30469906,0x130,5,C541FFFFFF
30490836,0x7DF,8,0201420000000000
30502907,0x7EC,8,044142354CAAAAAA
30504124,0x7E8,8,0441423766AAAAAA
30555836,0x7DF,8,0201010000000000
30568907,0x7EC,8,06410100040000AA
30570254,0x7E8,8,0641018307E100AA
30571736,0x130,5,C541FFFFFF
30623838,0x7DF,8,0201040000000000
30645907,0x7E8,8,0341044CAAAAAAAA
30667906,0x130,5,C541FFFFFF
30689836,0x7DF,8,0201110000000000
30701907,0x7E8,8,03411120AAAAAAAA
30752836,0x7DF,8,02010F0000000000
30764907,0x7E8,8,03410F62AAAAAAAA
30776942,0x130,5,C541FFFFFF
30818836,0x7DF,8,0201060000000000
30830907,0x7E8,8,0341067EAAAAAAAA
30871906,0x130,5,C541FFFFFF
30883836,0x7DF,8,0201070000000000
30895907,0x7E8,8,0341077FAAAAAAAA
30946836,0x7DF,8,0201330000000000
30958907,0x7E8,8,03413364AAAAAAAA
30972942,0x130,5,C541FFFFFF
31014836,0x7DF,8,02011F0000000000
31026907,0x7E8,8,04411F05FDAAAAAA
31068906,0x130,5,C541FFFFFF
31080836,0x7DF,8,02010C0000000000
31092907,0x7E8,8,04410C0D20AAAAAA
31094143,0x7EC,8,04410C0D30AAAAAA
31145836,0x7DF,8,02010D0000000000
31158907,0x7EC,8,03410D00AAAAAAAA
31160287,0x7E8,8,03410D00AAAAAAAA
31171942,0x130,5,C541FFFFFF
31213836,0x7DF,8,0201050000000000
31225907,0x7E8,8,0341058DAAAAAAAA
31276836,0x7DF,8,0201040000000000
31279025,0x130,5,C541FFFFFF
31290930,0x7E8,8,0341044CAAAAAAAA
31341836,0x7DF,8,0201110000000000
31353907,0x7E8,8,0341111FAAAAAAAA
31374906,0x130,5,C541FFFFFF
31415836,0x7DF,8,02010C0000000000
31427907,0x7EC,8,04410C0D16AAAAAA
31429141,0x7E8,8,04410C0D1EAAAAAA
31470906,0x130,5,C541FFFFFF
31484836,0x7DF,8,02010D0000000000
31496907,0x7EC,8,03410D00AAAAAAAA
31498148,0x7E8,8,03410D00AAAAAAAA
31549836,0x7DF,8,0201050000000000
31562907,0x7E8,8,0341058DAAAAAAAA
31574992,0x130,5,C541FFFFFF
31617836,0x7DF,8,02012F0000000000
31629907,0x7E8,8,03412F0CAAAAAAAA
31671906,0x130,5,C541FFFFFF
31683836,0x7DF,8,0201420000000000
31695907,0x7EC,8,0441423567AAAAAA
31697170,0x7E8,8,044142377EAAAAAA
31748836,0x7DF,8,0201010000000000
31761907,0x7E8,8,0641018307E100AA
31763279,0x7EC,8,06410100040000AA
31774942,0x130,5,C541FFFFFF
31816836,0x7DF,8,0201040000000000
31828907,0x7E8,8,0341044BAAAAAAAA
31870906,0x130,5,C541FFFFFF
31881841,0x7DF,8,0201110000000000
31895907,0x7E8,8,03411120AAAAAAAA
31947839,0x7DF,8,02010F0000000000
31959907,0x7E8,8,03410F62AAAAAAAA
31971942,0x130,5,C541FFFFFF
32013836,0x7DF,8,0201060000000000
32025907,0x7E8,8,03410680AAAAAAAA
32067906,0x130,5,C541FFFFFF
32079836,0x7DF,8,02010C0000000000
32091907,0x7EC,8,04410C0D62AAAAAA
32093840,0x7E8,8,04410C0D46AAAAAA
32145836,0x7DF,8,02010D0000000000
32158907,0x7EC,8,03410D00AAAAAAAA
32159950,0x7E8,8,03410D00AAAAAAAA
32170942,0x130,5,C541FFFFFF
32212836,0x7DF,8,0201050000000000
32234907,0x7E8,8,0341058DAAAAAAAA
32276836,0x7DF,8,0201040000000000
32278187,0x130,5,C541FFFFFF
32289930,0x7E8,8,0341044CAAAAAAAA
32343838,0x7DF,8,0201110000000000
32346431,0x7E8,8,0341111FAAAAAAAA
32367906,0x130,5,C541FFFFFF
32409836,0x7DF,8,02010C0000000000
32421907,0x7EC,8,04410C0D7AAAAAAA
32423183,0x7E8,8,04410C0D6AAAAAAA
32474836,0x7DF,8,02010D0000000000
32477242,0x130,5,C541FFFFFF
32488930,0x7EC,8,03410D00AAAAAAAA
32490214,0x7E8,8,03410D00AAAAAAAA
32542838,0x7DF,8,0201050000000000
32555907,0x7E8,8,0341058DAAAAAAAA
32567942,0x130,5,C541FFFFFF
32639836,0x7DF,8,0201070000000000
32652907,0x7E8,8,0341077FAAAAAAAA
32674906,0x130,5,C541FFFFFF
32705836,0x7DF,8,0201330000000000
32717907,0x7E8,8,03413364AAAAAAAA
32769838,0x7DF,8,02010C0000000000
32781907,0x7E8,8,04410C0D2EAAAAAA
32783292,0x7EC,8,04410C0D1EAAAAAA
32784829,0x130,5,C541FFFFFF
32836838,0x7DF,8,02010D0000000000
32849907,0x7EC,8,03410D00AAAAAAAA
32851238,0x7E8,8,03410D00AAAAAAAA
32882906,0x130,5,C541FFFFFF
32903836,0x7DF,8,0201050000000000
32915907,0x7E8,8,0341058DAAAAAAAA
32967836,0x7DF,8,02012F0000000000
32969321,0x130,5,C541FFFFFF
32980930,0x7E8,8,03412F0CAAAAAAAA
33032839,0x7DF,8,0201420000000000
33035979,0x7E8,8,0441423766AAAAAA
33047952,0x7EC,8,0441423567AAAAAA
33068906,0x130,5,C541FFFFFF
33100836,0x7DF,8,0201010000000000
33112907,0x7E8,8,0641018307E100AA
33114060,0x7EC,8,06410100040000AA
33164836,0x7DF,8,0201040000000000
33176906,0x130,5,C541FFFFFF
33178104,0x7E8,8,0341044CAAAAAAAA
33228839,0x7DF,8,0201010000000000
33240907,0x7EC,8,06410100040000AA
33242179,0x7E8,8,0641018307E100AA
33273906,0x130,5,C541FFFFFF
33294835,0x7E0,8,0203000000000000
33296067,0x7E0,8,30000A0000000000
33357835,0x7E0,8,0207000000000000
33360841,0x7E0,8,30000A0000000000
33372906,0x130,5,C541FFFFFF
33423836,0x7E0,8,020A000000000000
33427090,0x7E0,8,30000A0000000000
33468906,0x130,5,C541FFFFFF
33490836,0x7DF,8,0201110000000000
33502907,0x7E8,8,03411120AAAAAAAA
33553836,0x7DF,8,02010F0000000000
33557241,0x7E8,8,03410F62AAAAAAAA
33568938,0x130,5,C541FFFFFF
33620838,0x7DF,8,0201060000000000
33632907,0x7E8,8,0341067FAAAAAAAA
33674906,0x130,5,C541FFFFFF
33686836,0x7DF,8,02011F0000000000
33698907,0x7E8,8,04411F0600AAAAAA
33749836,0x7DF,8,02010C0000000000
33763907,0x7E8,8,04410C0D32AAAAAA
33765305,0x7EC,8,04410C0D36AAAAAA
33776942,0x130,5,C541FFFFFF
33817836,0x7DF,8,02010D0000000000
33829907,0x7EC,8,03410D00AAAAAAAA
33832401,0x7E8,8,03410D00AAAAAAAA
33883836,0x7DF,8,0201050000000000
33885316,0x130,5,C541FFFFFF
33886720,0x7E8,8,0341058DAAAAAAAA
33948836,0x7DF,8,0201040000000000
33960907,0x7E8,8,0341044CAAAAAAAA
33972942,0x130,5,C541FFFFFF
34013836,0x7DF,8,0201110000000000
34025907,0x7E8,8,03411120AAAAAAAA
34067914,0x130,5,C541FFFFFF
34089836,0x7DF,8,02010C0000000000
34101907,0x7EC,8,04410C0D48AAAAAA
34103162,0x7E8,8,04410C0D3AAAAAAA
34154836,0x7DF,8,02010D0000000000
34167907,0x7EC,8,03410D00AAAAAAAA
34169259,0x7E8,8,03410D00AAAAAAAA
34170764,0x130,5,C541FFFFFF
34221836,0x7DF,8,0201050000000000
34233907,0x7E8,8,0341058DAAAAAAAA
34274906,0x130,5,C541FFFFFF
34286836,0x7DF,8,02012F0000000000
34298907,0x7E8,8,03412F0CAAAAAAAA
34349836,0x7DF,8,0201420000000000
34362907,0x7E8,8,0441423737AAAAAA
34364322,0x7EC,8,044142354CAAAAAA
34375942,0x130,5,C541FFFFFF
34417836,0x7DF,8,0201010000000000
34429907,0x7EC,8,06410100040000AA
34431148,0x7E8,8,0641018307E100AA
34472906,0x130,5,C541FFFFFF
34484836,0x7DF,8,0201040000000000
34495907,0x7E8,8,0341044CAAAAAAAA
34546836,0x7DF,8,0201110000000000
34560907,0x7E8,8,03411120AAAAAAAA
34572942,0x130,5,C541FFFFFF
34613836,0x7DF,8,02010F0000000000
34625907,0x7E8,8,03410F62AAAAAAAA
34676836,0x7DF,8,0201060000000000
34680166,0x130,5,C541FFFFFF
34691930,0x7E8,8,03410680AAAAAAAA
34743838,0x7DF,8,0201070000000000
34755907,0x7E8,8,0341077FAAAAAAAA
34777906,0x130,5,C541FFFFFF
34809836,0x7DF,8,0201330000000000
34821907,0x7E8,8,03413364AAAAAAAA
34872836,0x7DF,8,02010C0000000000
34874296,0x130,5,C541FFFFFF
34875701,0x7E8,8,04410C0D78AAAAAA
34887942,0x7EC,8,04410C0D7AAAAAAA
34938836,0x7DF,8,02010D0000000000
34950907,0x7EC,8,03410D00AAAAAAAA
34952342,0x7E8,8,03410D00AAAAAAAA
34973906,0x130,5,C541FFFFFF
35005836,0x7DF,8,0201050000000000
35017907,0x7E8,8,0341058DAAAAAAAA
35068836,0x7DF,8,0201040000000000
35072246,0x130,5,C541FFFFFF
35083930,0x7E8,8,0341044DAAAAAAAA
35135838,0x7DF,8,0201110000000000
35147907,0x7E8,8,0341111FAAAAAAAA
35169906,0x130,5,C541FFFFFF
35211836,0x7DF,8,02010C0000000000
35224494,0x7EC,8,04410C0D44AAAAAA
35226233,0x7E8,8,04410C0D58AAAAAA
35276836,0x7DF,8,02010D0000000000
35278927,0x130,5,C541FFFFFF
35290930,0x7EC,8,03410D00AAAAAAAA
35292147,0x7E8,8,03410D00AAAAAAAA
35343836,0x7DF,8,0201050000000000
35346234,0x7E8,8,0341058DAAAAAAAA
35367906,0x130,5,C541FFFFFF
35409836,0x7DF,8,02012F0000000000
35421907,0x7E8,8,03412F0CAAAAAAAA
35473838,0x7DF,8,0201420000000000
35476673,0x130,5,C541FFFFFF
35477598,0x7E8,8,0441423795AAAAAA
35479371,0x7EC,8,0441423567AAAAAA
35540836,0x7DF,8,0201010000000000
35553907,0x7E8,8,0641018307E100AA
35555402,0x7EC,8,06410100040000AA
35566954,0x130,5,C541FFFFFF
35600836,0x7DF,8,0201040000000000
35612907,0x7E8,8,0341044CAAAAAAAA
35664838,0x7DF,8,0201110000000000
35676914,0x7E8,8,03411120AAAAAAAA
35678876,0x130,5,C541FFFFFF
35730836,0x7DF,8,02010F0000000000
35742907,0x7E8,8,03410F62AAAAAAAA
35773928,0x130,5,C541FFFFFF
35796836,0x7DF,8,0201060000000000
35808907,0x7E8,8,03410680AAAAAAAA
35859836,0x7DF,8,02011F0000000000
35871907,0x7E8,8,04411F0602AAAAAA
35873139,0x130,5,C541FFFFFF
35923836,0x7DF,8,02010C0000000000
35925786,0x7E8,8,04410C0D84AAAAAA
35937938,0x7EC,8,04410C0D84AAAAAA
35968906,0x130,5,C541FFFFFF
35989836,0x7DF,8,02010D0000000000
36001907,0x7EC,8,03410D00AAAAAAAA
36003225,0x7E8,8,03410D00AAAAAAAA
36054836,0x7DF,8,0201050000000000
36067907,0x7E8,8,0341058DAAAAAAAA
36069271,0x130,5,C541FFFFFF
36120836,0x7DF,8,0201040000000000
36133907,0x7E8,8,0341044CAAAAAAAA
36175906,0x130,5,C541FFFFFF
36187836,0x7DF,8,0201110000000000
36199907,0x7E8,8,03411120AAAAAAAA
36261836,0x7DF,8,02010C0000000000
36274907,0x7EC,8,04410C0D8AAAAAAA
36276378,0x7E8,8,04410C0D84AAAAAA
36277958,0x130,5,C541FFFFFF
36329838,0x7DF,8,02010D0000000000
36342907,0x7E8,8,03410D00AAAAAAAA
36344224,0x7EC,8,03410D00AAAAAAAA
36375906,0x130,5,C541FFFFFF
36396836,0x7DF,8,0201050000000000
36408907,0x7E8,8,0341058DAAAAAAAA
36460838,0x7DF,8,02012F0000000000
36472907,0x7E8,8,03412F0CAAAAAAAA
36474229,0x130,5,C541FFFFFF
36525836,0x7DF,8,0201420000000000
36538907,0x7EC,8,044142354CAAAAAA
36540284,0x7E8,8,0441423766AAAAAA
36571906,0x130,5,C541FFFFFF
36593836,0x7DF,8,0201010000000000
36605907,0x7EC,8,06410100040000AA
36607191,0x7E8,8,0641018307E100AA
36658836,0x7DF,8,0201040000000000
36670907,0x7E8,8,0341044CAAAAAAAA
36672321,0x130,5,C541FFFFFF
36723836,0x7DF,8,0201110000000000
36736907,0x7E8,8,03411121AAAAAAAA
36778906,0x130,5,C541FFFFFF
36789836,0x7DF,8,02010F0000000000
36800907,0x7E8,8,03410F62AAAAAAAA
36852836,0x7DF,8,0201060000000000
36864907,0x7E8,8,0341067FAAAAAAAA
36875942,0x130,5,C541FFFFFF
36917836,0x7DF,8,0201070000000000
36929907,0x7E8,8,0341077FAAAAAAAA
36971906,0x130,5,C541FFFFFF
36982836,0x7DF,8,0201330000000000
36994907,0x7E8,8,03413365AAAAAAAA
37046839,0x7DF,8,02010C0000000000
37059907,0x7EC,8,04410C0D92AAAAAA
37061283,0x7E8,8,04410C0D92AAAAAA
37072942,0x130,5,C541FFFFFF
37114836,0x7DF,8,02010D0000000000
37126907,0x7EC,8,03410D00AAAAAAAA
37128195,0x7E8,8,03410D00AAAAAAAA
37169906,0x130,5,C541FFFFFF
37180836,0x7DF,8,0201050000000000
37192907,0x7E8,8,0341058DAAAAAAAA
37243836,0x7DF,8,0201040000000000
37257907,0x7E8,8,0341044CAAAAAAAA
37279906,0x130,5,C541FFFFFF
37310836,0x7DF,8,0201110000000000
37322907,0x7E8,8,03411120AAAAAAAA
37374922,0x130,5,C541FFFFFF
37386836,0x7DF,8,02010C0000000000
37398907,0x7EC,8,04410C0D98AAAAAA
37400165,0x7E8,8,04410C0D92AAAAAA
37451836,0x7DF,8,02010D0000000000
37464907,0x7E8,8,03410D00AAAAAAAA
37466253,0x7EC,8,03410D00AAAAAAAA
37467717,0x130,5,C541FFFFFF
37519838,0x7DF,8,0201050000000000
37532907,0x7E8,8,0341058DAAAAAAAA
37574906,0x130,5,C541FFFFFF
37586836,0x7DF,8,02012F0000000000
37597907,0x7E8,8,03412F0CAAAAAAAA
37648836,0x7DF,8,0201420000000000
37660907,0x7EC,8,0441423567AAAAAA
37661922,0x7E8,8,0441423766AAAAAA
37682906,0x130,5,C541FFFFFF
37713836,0x7DF,8,0201010000000000
37724907,0x7EC,8,06410100040000AA
37726808,0x7E8,8,0641018307E100AA
37768906,0x130,5,C541FFFFFF
37779836,0x7DF,8,0201040000000000
37791907,0x7E8,8,0341044CAAAAAAAA
37843838,0x7DF,8,0201110000000000
37856907,0x7E8,8,03411120AAAAAAAA
37878906,0x130,5,C541FFFFFF
37909836,0x7DF,8,02010F0000000000
37921907,0x7E8,8,03410F62AAAAAAAA
37973836,0x7DF,8,0201060000000000
37975874,0x130,5,C541FFFFFF
37987930,0x7E8,8,0341067FAAAAAAAA
38038836,0x7DF,8,02011F0000000000
38052907,0x7E8,8,04411F0604AAAAAA
38084906,0x130,5,C541FFFFFF
38105836,0x7DF,8,02010C0000000000
38117907,0x7EC,8,04410C0D5EAAAAAA
38119131,0x7E8,8,04410C0D74AAAAAA
38170836,0x7DF,8,02010D0000000000
38174000,0x130,5,C541FFFFFF
38175641,0x7E8,8,03410D00AAAAAAAA
38186943,0x7EC,8,03410D00AAAAAAAA
38238836,0x7DF,8,0201050000000000
38250907,0x7E8,8,0341058DAAAAAAAA
38282906,0x130,5,C541FFFFFF
38304836,0x7DF,8,0201040000000000
38316907,0x7E8,8,0341044CAAAAAAAA
38367836,0x7DF,8,0201110000000000
38371107,0x130,5,C541FFFFFF
38382930,0x7E8,8,0341111FAAAAAAAA
38434843,0x7DF,8,0201010000000000
38447929,0x7EC,8,06410100040000AA
38449068,0x7E8,8,0641018307E100AA
38479906,0x130,5,C541FFFFFF
38501835,0x7E0,8,0203000000000000
38502875,0x7E0,8,30000A0000000000
38563835,0x7E0,8,0207000000000000
38565167,0x7E0,8,30000A0000000000
38575906,0x130,5,C541FFFFFF
38626836,0x7E0,8,020A000000000000
38628050,0x7E0,8,30000A0000000000
38668906,0x130,5,C541FFFFFF
38690836,0x7DF,8,02010C0000000000
38702907,0x7E8,8,04410C0D6AAAAAAA
38704166,0x7EC,8,04410C0D80AAAAAA
38755836,0x7DF,8,02010D0000000000
38768907,0x7EC,8,03410D00AAAAAAAA
38770270,0x7E8,8,03410D00AAAAAAAA
38782942,0x130,5,C541FFFFFF
38824836,0x7DF,8,0201050000000000
38836907,0x7E8,8,0341058DAAAAAAAA
38878906,0x130,5,C541FFFFFF
38890836,0x7DF,8,02012F0000000000
38902907,0x7E8,8,03412F0CAAAAAAAA
38953836,0x7DF,8,0201420000000000
38966907,0x7EC,8,044142354CAAAAAA
38968326,0x7E8,8,0441423737AAAAAA
38969920,0x130,5,C541FFFFFF
39021841,0x7DF,8,0201010000000000
39033907,0x7E8,8,0641018307E100AA
39035219,0x7EC,8,06410100040000AA
39076906,0x130,5,C541FFFFFF
39088836,0x7DF,8,0201040000000000
39100914,0x7E8,8,0341044CAAAAAAAA
39151836,0x7DF,8,0201110000000000
39156658,0x7E8,8,03411120AAAAAAAA
39178906,0x130,5,C541FFFFFF
39220836,0x7DF,8,02010F0000000000
39232907,0x7E8,8,03410F62AAAAAAAA
39273906,0x130,5,C541FFFFFF
39285836,0x7DF,8,0201060000000000
39297907,0x7E8,8,0341067FAAAAAAAA
39348836,0x7DF,8,0201070000000000
39360907,0x7E8,8,0341077FAAAAAAAA
39372942,0x130,5,C541FFFFFF
39414836,0x7DF,8,0201330000000000
39426907,0x7E8,8,03413364AAAAAAAA
39477836,0x7DF,8,02010C0000000000
39479441,0x130,5,C541FFFFFF
39490930,0x7EC,8,04410C0D6EAAAAAA
39492165,0x7E8,8,04410C0D76AAAAAA
39543836,0x7DF,8,02010D0000000000
39556907,0x7EC,8,03410D00AAAAAAAA
39558319,0x7E8,8,03410D00AAAAAAAA
39569942,0x130,5,C541FFFFFF
39611836,0x7DF,8,0201050000000000
39623907,0x7E8,8,0341058DAAAAAAAA
39674836,0x7DF,8,0201040000000000
39678313,0x130,5,C541FFFFFF
39689938,0x7E8,8,0341044CAAAAAAAA
39741838,0x7DF,8,0201110000000000
39753907,0x7E8,8,03411120AAAAAAAA
39785906,0x130,5,C541FFFFFF
39817836,0x7DF,8,02010C0000000000
39829907,0x7E8,8,04410C0D8CAAAAAA
39831154,0x7EC,8,04410C0D96AAAAAA
39882836,0x7DF,8,02010D0000000000
39886079,0x130,5,C541FFFFFF
39887682,0x7E8,8,03410D00AAAAAAAA
39898935,0x7EC,8,03410D00AAAAAAAA
39950838,0x7DF,8,0201050000000000
39962907,0x7E8,8,0341058DAAAAAAAA
39984906,0x130,5,C541FFFFFF
40016836,0x7DF,8,02012F0000000000
40028907,0x7E8,8,03412F0CAAAAAAAA
40080838,0x7DF,8,0201420000000000
40083632,0x130,5,C541FFFFFF
40094930,0x7E8,8,044142377EAAAAAA
40096189,0x7EC,8,0441423567AAAAAA
40146836,0x7DF,8,0201010000000000
40158907,0x7EC,8,06410100040000AA
40160161,0x7E8,8,0641018307E100AA
40181906,0x130,5,C541FFFFFF
40213836,0x7DF,8,0201040000000000
40225907,0x7E8,8,0341044BAAAAAAAA
40277836,0x7DF,8,0201110000000000
40281667,0x130,5,C541FFFFFF
40293934,0x7E8,8,03411120AAAAAAAA
40344836,0x7DF,8,02010F0000000000
40356907,0x7E8,8,03410F62AAAAAAAA
40377906,0x130,5,C541FFFFFF
40409836,0x7DF,8,0201060000000000
40421907,0x7E8,8,03410680AAAAAAAA
40473838,0x7DF,8,02011F0000000000
40485906,0x130,5,C541FFFFFF
40487903,0x7E8,8,04411F0607AAAAAA
40539836,0x7DF,8,02010C0000000000
40552907,0x7E8,8,04410C0DB4AAAAAA
40554336,0x7EC,8,04410C0DB4AAAAAA
40585931,0x130,5,C541FFFFFF
40599836,0x7DF,8,02010D0000000000
40611907,0x7E8,8,03410D00AAAAAAAA
40613151,0x7EC,8,03410D00AAAAAAAA
40664836,0x7DF,8,0201050000000000
40677907,0x7E8,8,0341058DAAAAAAAA
40679246,0x130,5,C541FFFFFF
40730836,0x7DF,8,0201040000000000
40743907,0x7E8,8,0341044AAAAAAAAA
40785906,0x130,5,C541FFFFFF
40796836,0x7DF,8,0201110000000000
40808907,0x7E8,8,03411120AAAAAAAA
40870836,0x7DF,8,02010C0000000000
40883907,0x7E8,8,04410C0DB0AAAAAA
40885411,0x130,5,C541FFFFFF
40886870,0x7EC,8,04410C0D8EAAAAAA
40938836,0x7DF,8,02010D0000000000
40952907,0x7E8,8,03410D00AAAAAAAA
40954330,0x7EC,8,03410D00AAAAAAAA
40985906,0x130,5,C541FFFFFF
41006836,0x7DF,8,0201050000000000
41018907,0x7E8,8,0341058DAAAAAAAA
41070840,0x7DF,8,02012F0000000000
41082906,0x130,5,C541FFFFFF
41084248,0x7E8,8,03412F0CAAAAAAAA
41135836,0x7DF,8,0201420000000000
41149907,0x7EC,8,044142354CAAAAAA
41151247,0x7E8,8,044142377EAAAAAA
41182906,0x130,5,C541FFFFFF
41204836,0x7DF,8,0201010000000000
41215907,0x7EC,8,06410100040000AA
41217327,0x7E8,8,0641018307E100AA
41268836,0x7DF,8,0201040000000000
41280907,0x7E8,8,0341044BAAAAAAAA
41282217,0x130,5,C541FFFFFF
41333836,0x7DF,8,0201110000000000
41346907,0x7E8,8,03411120AAAAAAAA
41378906,0x130,5,C541FFFFFF
41399836,0x7DF,8,02010F0000000000
41411907,0x7E8,8,03410F62AAAAAAAA
41463836,0x7DF,8,0201060000000000
41476906,0x130,5,C541FFFFFF
41478274,0x7E8,8,0341067FAAAAAAAA
41529836,0x7DF,8,0201070000000000
41542907,0x7E8,8,0341077FAAAAAAAA
41584906,0x130,5,C541FFFFFF
41596836,0x7DF,8,0201330000000000
41608907,0x7E8,8,03413364AAAAAAAA
41662838,0x7DF,8,02010C0000000000
41675906,0x7E8,8,04410C0D58AAAAAA
41677267,0x7EC,8,04410C0D52AAAAAA
41678088,0x130,5,C541FFFFFF
41729840,0x7DF,8,02010D0000000000
41742907,0x7EC,8,03410D00AAAAAAAA
41744267,0x7E8,8,03410D00AAAAAAAA
41784906,0x130,5,C541FFFFFF
41795836,0x7DF,8,0201050000000000
41807907,0x7E8,8,0341058DAAAAAAAA
41858836,0x7DF,8,0201040000000000
41871907,0x7E8,8,0341044BAAAAAAAA
41883942,0x130,5,C541FFFFFF
41924836,0x7DF,8,0201110000000000
41936907,0x7E8,8,03411120AAAAAAAA
41978906,0x130,5,C541FFFFFF
41999836,0x7DF,8,02010C0000000000
42011907,0x7E8,8,04410C0D80AAAAAA
42013159,0x7EC,8,04410C0D7CAAAAAA
42064836,0x7DF,8,02010D0000000000
42077907,0x7EC,8,03410D00AAAAAAAA
42079282,0x130,5,C541FFFFFF
42080724,0x7E8,8,03410D00AAAAAAAA
42131836,0x7DF,8,0201050000000000
42143907,0x7E8,8,0341058DAAAAAAAA
42175906,0x130,5,C541FFFFFF
42197836,0x7DF,8,02012F0000000000
42209907,0x7E8,8,03412F0CAAAAAAAA
42260836,0x7DF,8,0201420000000000
42273907,0x7E8,8,044142374FAAAAAA
42275323,0x7EC,8,044142354CAAAAAA
42276802,0x130,5,C541FFFFFF
42328838,0x7DF,8,0201010000000000
42341907,0x7EC,8,06410100040000AA
42343255,0x7E8,8,0641018307E100AA
42384906,0x130,5,C541FFFFFF
42395836,0x7DF,8,0201040000000000
42407907,0x7E8,8,0341044BAAAAAAAA
42458836,0x7DF,8,0201110000000000
42471907,0x7E8,8,0341111FAAAAAAAA
42483942,0x130,5,C541FFFFFF
42524836,0x7DF,8,02010F0000000000
42536907,0x7E8,8,03410F62AAAAAAAA
42578906,0x130,5,C541FFFFFF
42590836,0x7DF,8,0201060000000000
42602907,0x7E8,8,03410680AAAAAAAA
42653836,0x7DF,8,02011F0000000000
42667907,0x7E8,8,04411F0609AAAAAA
42679942,0x130,5,C541FFFFFF
42720836,0x7DF,8,02010C0000000000
42732907,0x7E8,8,04410C0D44AAAAAA
42734315,0x7EC,8,04410C0D44AAAAAA
42784836,0x7DF,8,02010D0000000000
42786773,0x130,5,C541FFFFFF
42798930,0x7EC,8,03410D00AAAAAAAA
42800156,0x7E8,8,03410D00AAAAAAAA
42851836,0x7DF,8,0201050000000000
42864907,0x7E8,8,0341058DAAAAAAAA
42876942,0x130,5,C541FFFFFF
42918836,0x7DF,8,0201040000000000
42930935,0x7E8,8,0341044BAAAAAAAA
42982836,0x7DF,8,0201110000000000
42984418,0x130,5,C541FFFFFF
43005907,0x7E8,8,0341111FAAAAAAAA
43046836,0x7DF,8,0201070000000000
43058907,0x7E8,8,0341077FAAAAAAAA
43079906,0x130,5,C541FFFFFF
43111836,0x7DF,8,02010C0000000000
43123915,0x7EC,8,04410C0D18AAAAAA
43125123,0x7E8,8,04410C0D3EAAAAAA
43176836,0x7DF,8,02010D0000000000
43179949,0x130,5,C541FFFFFF
43191930,0x7EC,8,03410D00AAAAAAAA
43193217,0x7E8,8,03410D00AAAAAAAA
43244836,0x7DF,8,0201050000000000
43256907,0x7E8,8,0341058DAAAAAAAA
43278906,0x130,5,C541FFFFFF
43310836,0x7DF,8,02012F0000000000
43322907,0x7E8,8,03412F0CAAAAAAAA
43374838,0x7DF,8,0201420000000000
43377659,0x130,5,C541FFFFFF
43389938,0x7EC,8,0441423567AAAAAA
43391196,0x7E8,8,044142377EAAAAAA
43442836,0x7DF,8,0201010000000000
43454907,0x7EC,8,06410100040000AA
43456903,0x7E8,8,0641018307E100AA
43478906,0x130,5,C541FFFFFF
43509836,0x7DF,8,0201040000000000
43521907,0x7E8,8,0341044CAAAAAAAA
43572836,0x7DF,8,0201110000000000
43576259,0x130,5,C541FFFFFF
43587938,0x7E8,8,03411120AAAAAAAA
43639845,0x7DF,8,0201010000000000
43651907,0x7E8,8,0641018307E100AA
43653223,0x7EC,8,06410100040000AA
43684906,0x130,5,C541FFFFFF
43706835,0x7E0,8,0203000000000000
43708124,0x7E0,8,30000A0000000000
43769835,0x7E0,8,0207000000000000
43772810,0x7E0,8,30000A0000000000
43784906,0x130,5,C541FFFFFF
43835836,0x7E0,8,020A000000000000
43837081,0x7E0,8,30000A0000000000
43878906,0x130,5,C541FFFFFF
43900838,0x7DF,8,02010F0000000000
43911907,0x7E8,8,03410F62AAAAAAAA
43962836,0x7DF,8,0201060000000000
43984906,0x130,5,C541FFFFFF
43986709,0x7E8,8,03410680AAAAAAAA
44027836,0x7DF,8,0201330000000000
44039907,0x7E8,8,03413364AAAAAAAA
44080906,0x130,5,C541FFFFFF
44092836,0x7DF,8,02010C0000000000
44104907,0x7EC,8,04410C0D6AAAAAAA
44106501,0x7E8,8,04410C0D66AAAAAA
44157836,0x7DF,8,02010D0000000000
44169932,0x7EC,8,03410D00AAAAAAAA
44173277,0x7E8,8,03410D00AAAAAAAA
44184942,0x130,5,C541FFFFFF
44226836,0x7DF,8,0201050000000000
44238907,0x7E8,8,0341058DAAAAAAAA
44279906,0x130,5,C541FFFFFF
44291836,0x7DF,8,0201040000000000
44303907,0x7E8,8,0341044BAAAAAAAA
44355838,0x7DF,8,0201110000000000
44367907,0x7E8,8,03411120AAAAAAAA
44379942,0x130,5,C541FFFFFF
44431836,0x7DF,8,02010C0000000000
44443907,0x7E8,8,04410C0D78AAAAAA
44445181,0x7EC,8,04410C0D6EAAAAAA
44476918,0x130,5,C541FFFFFF
44500836,0x7DF,8,02010D0000000000
44512907,0x7E8,8,03410D00AAAAAAAA
44514153,0x7EC,8,03410D00AAAAAAAA
44565836,0x7DF,8,0201050000000000
44578906,0x130,5,C541FFFFFF
44582631,0x7E8,8,0341058DAAAAAAAA
44634836,0x7DF,8,02012F0000000000
44646907,0x7E8,8,03412F0CAAAAAAAA
44678906,0x130,5,C541FFFFFF
44699836,0x7DF,8,0201420000000000
44711907,0x7EC,8,044142354CAAAAAA
44713185,0x7E8,8,0441423766AAAAAA
44764836,0x7DF,8,0201010000000000
44777907,0x7EC,8,06410100040000AA
44779749,0x130,5,C541FFFFFF
44780602,0x7E8,8,0641018307E100AA
44831836,0x7DF,8,0201040000000000
44843907,0x7E8,8,0341044BAAAAAAAA
44884906,0x130,5,C541FFFFFF
44896836,0x7DF,8,0201110000000000
44908907,0x7E8,8,0341111FAAAAAAAA
44960836,0x7DF,8,02010F0000000000
44972907,0x7E8,8,03410F62AAAAAAAA
44984942,0x130,5,C541FFFFFF
45026836,0x7DF,8,0201060000000000
45038907,0x7E8,8,03410680AAAAAAAA
45080906,0x130,5,C541FFFFFF
45092839,0x7DF,8,0201070000000000
45114907,0x7E8,8,0341077FAAAAAAAA
45156836,0x7DF,8,02011F0000000000
45168907,0x7E8,8,04411F060BAAAAAA
45180942,0x130,5,C541FFFFFF
45222836,0x7DF,8,02010C0000000000
45237494,0x7EC,8,04410C0D7AAAAAAA
45239191,0x7E8,8,04410C0D5CAAAAAA
45280906,0x130,5,C541FFFFFF
45292836,0x7DF,8,02010D0000000000
45304907,0x7EC,8,03410D00AAAAAAAA
45306725,0x7E8,8,03410D00AAAAAAAA
45357836,0x7DF,8,0201050000000000
45369907,0x7E8,8,0341058DAAAAAAAA
45381942,0x130,5,C541FFFFFF
45423836,0x7DF,8,0201040000000000
45425970,0x7E8,8,0341044BAAAAAAAA
45477906,0x130,5,C541FFFFFF
45489836,0x7DF,8,0201110000000000
45501924,0x7E8,8,03411120AAAAAAAA
45554836,0x7DF,8,0201330000000000
45567907,0x7E8,8,03413364AAAAAAAA
45579942,0x130,5,C541FFFFFF
45621836,0x7DF,8,02010C0000000000
45633907,0x7E8,8,04410C0D76AAAAAA
45634917,0x7EC,8,04410C0D7AAAAAAA
45675906,0x130,5,C541FFFFFF
45687836,0x7DF,8,02010D0000000000
45699907,0x7EC,8,03410D00AAAAAAAA
45700899,0x7E8,8,03410D00AAAAAAAA
45751836,0x7DF,8,0201050000000000
45763907,0x7E8,8,0341058DAAAAAAAA
45784906,0x130,5,C541FFFFFF
45815836,0x7DF,8,02012F0000000000
45827907,0x7E8,8,03412F0CAAAAAAAA
45879838,0x7DF,8,0201420000000000
45881875,0x130,5,C541FFFFFF
45893930,0x7EC,8,044142354CAAAAAA
45895241,0x7E8,8,0441423795AAAAAA
45946836,0x7DF,8,0201010000000000
45959907,0x7EC,8,06410100040000AA
45961286,0x7E8,8,0641018307E100AA
45982906,0x130,5,C541FFFFFF
46014836,0x7DF,8,0201040000000000
46026907,0x7E8,8,0341044BAAAAAAAA
46078838,0x7DF,8,0201110000000000
46080947,0x130,5,C541FFFFFF
46091930,0x7E8,8,0341111FAAAAAAAA
46143838,0x7DF,8,02010F0000000000
46146741,0x7E8,8,03410F62AAAAAAAA
46178906,0x130,5,C541FFFFFF
46210836,0x7DF,8,0201060000000000
46222907,0x7E8,8,0341067FAAAAAAAA
46274837,0x7DF,8,02010C0000000000
46276290,0x130,5,C541FFFFFF
46287930,0x7EC,8,04410C0D3EAAAAAA
46289168,0x7E8,8,04410C0D40AAAAAA
46340836,0x7DF,8,02010D0000000000
46353907,0x7E8,8,03410D00AAAAAAAA
46355284,0x7EC,8,03410D00AAAAAAAA
46376906,0x130,5,C541FFFFFF
46407836,0x7DF,8,0201050000000000
46419907,0x7E8,8,0341058DAAAAAAAA
46471836,0x7DF,8,0201040000000000
46483906,0x130,5,C541FFFFFF
46485187,0x7E8,8,0341044BAAAAAAAA
46536836,0x7DF,8,0201110000000000
46549907,0x7E8,8,03411120AAAAAAAA
46580906,0x130,5,C541FFFFFF
46612836,0x7DF,8,02010C0000000000
46623907,0x7E8,8,04410C0D5EAAAAAA
46625398,0x7EC,8,04410C0D80AAAAAA
46676836,0x7DF,8,02010D0000000000
46678803,0x130,5,C541FFFFFF
46690930,0x7EC,8,03410D00AAAAAAAA
46692165,0x7E8,8,03410D00AAAAAAAA
46743836,0x7DF,8,0201050000000000
46747085,0x7E8,8,0341058DAAAAAAAA
46778906,0x130,5,C541FFFFFF
46830838,0x7DF,8,0201070000000000
46844907,0x7E8,8,0341077FAAAAAAAA
46876906,0x130,5,C541FFFFFF
46897836,0x7DF,8,02010C0000000000
46909907,0x7EC,8,04410C0D68AAAAAA
46911135,0x7E8,8,04410C0D6EAAAAAA
46962836,0x7DF,8,02010D0000000000
46975907,0x7EC,8,03410D00AAAAAAAA
46977284,0x130,5,C541FFFFFF
46978780,0x7E8,8,03410D00AAAAAAAA
47030838,0x7DF,8,0201050000000000
47043907,0x7E8,8,0341058DAAAAAAAA
47075906,0x130,5,C541FFFFFF
47097836,0x7DF,8,02012F0000000000
47109907,0x7E8,8,03412F0CAAAAAAAA
47161838,0x7DF,8,0201420000000000
47174907,0x7E8,8,044142377EAAAAAA
47176238,0x7EC,8,0441423567AAAAAA
47177705,0x130,5,C541FFFFFF
47228836,0x7DF,8,0201010000000000
47240907,0x7EC,8,06410100040000AA
47244746,0x7E8,8,0641018307E100AA
47276906,0x130,5,C541FFFFFF
47288836,0x7DF,8,0201040000000000
47300907,0x7E8,8,0341044BAAAAAAAA
47351836,0x7DF,8,0201110000000000
47364907,0x7E8,8,03411120AAAAAAAA
47376942,0x130,5,C541FFFFFF
47417836,0x7DF,8,02010F0000000000
47429907,0x7E8,8,03410F62AAAAAAAA
47480836,0x7DF,8,0201060000000000
47482405,0x130,5,C541FFFFFF
47493930,0x7E8,8,0341067FAAAAAAAA
47544836,0x7DF,8,0201330000000000
47556923,0x7E8,8,03413364AAAAAAAA
47577906,0x130,5,C541FFFFFF
47609836,0x7DF,8,02011F0000000000
47621907,0x7E8,8,04411F060EAAAAAA
47672836,0x7DF,8,02010C0000000000
47676259,0x130,5,C541FFFFFF
47677610,0x7E8,8,04410C0D62AAAAAA
47679063,0x7EC,8,04410C0D76AAAAAA
47740836,0x7DF,8,02010D0000000000
47753924,0x7E8,8,03410D00AAAAAAAA
47757516,0x7EC,8,03410D00AAAAAAAA
47779906,0x130,5,C541FFFFFF
47800836,0x7DF,8,0201050000000000
47812907,0x7E8,8,0341058DAAAAAAAA
47863836,0x7DF,8,0201040000000000
47876906,0x130,5,C541FFFFFF
47878303,0x7E8,8,0341044BAAAAAAAA
47928836,0x7DF,8,0201110000000000
47940907,0x7E8,8,0341111FAAAAAAAA
47982906,0x130,5,C541FFFFFF
48004836,0x7DF,8,02010C0000000000
48016907,0x7EC,8,04410C0D2CAAAAAA
48018153,0x7E8,8,04410C0D36AAAAAA
48069836,0x7DF,8,02010D0000000000
48082906,0x130,5,C541FFFFFF
48084333,0x7E8,8,03410D00AAAAAAAA
48085789,0x7EC,8,03410D00AAAAAAAA
48137839,0x7DF,8,0201050000000000
48149907,0x7E8,8,0341058DAAAAAAAA
48181906,0x130,5,C541FFFFFF
48203836,0x7DF,8,02012F0000000000
48215907,0x7E8,8,03412F0CAAAAAAAA
48266838,0x7DF,8,0201420000000000
48280907,0x7EC,8,0441423567AAAAAA
48282272,0x130,5,C541FFFFFF
48283696,0x7E8,8,0441423766AAAAAA
48334836,0x7DF,8,0201010000000000
48346907,0x7EC,8,06410100040000AA
48347920,0x7E8,8,0641018307E100AA
48378906,0x130,5,C541FFFFFF
48400836,0x7DF,8,0201040000000000
48411914,0x7E8,8,0341044BAAAAAAAA
48462836,0x7DF,8,0201110000000000
48474907,0x7E8,8,03411120AAAAAAAA
48476900,0x130,5,C541FFFFFF
48528836,0x7DF,8,02010F0000000000
48541907,0x7E8,8,03410F62AAAAAAAA
48583906,0x130,5,C541FFFFFF
48595836,0x7DF,8,0201060000000000
48607907,0x7E8,8,03410680AAAAAAAA
48658836,0x7DF,8,0201070000000000
48670907,0x7E8,8,0341077FAAAAAAAA
48682942,0x130,5,C541FFFFFF
48724836,0x7DF,8,02010C0000000000
48736907,0x7EC,8,04410C0D90AAAAAA
48738138,0x7E8,8,04410C0D90AAAAAA
48779906,0x130,5,C541FFFFFF
48791836,0x7DF,8,02010D0000000000
48803907,0x7E8,8,03410D00AAAAAAAA
48805169,0x7EC,8,03410D00AAAAAAAA
48856839,0x7DF,8,0201010000000000
48869907,0x7E8,8,0641018307E100AA
48871267,0x7EC,8,06410100040000AA
48882942,0x130,5,C541FFFFFF
48924835,0x7E0,8,0203000000000000
48926097,0x7E0,8,30000A0000000000
48977906,0x130,5,C541FFFFFF
48989835,0x7E0,8,0207000000000000
48991757,0x7E0,8,30000A0000000000
49053836,0x7E0,8,020A000000000000
49056471,0x7E0,8,30000A0000000000
49078906,0x130,5,C541FFFFFF
49120836,0x7DF,8,0201050000000000
49132907,0x7E8,8,0341058DAAAAAAAA
49174906,0x130,5,C541FFFFFF
49186836,0x7DF,8,0201040000000000
49199907,0x7E8,8,0341044CAAAAAAAA
49251836,0x7DF,8,0201110000000000
49264907,0x7E8,8,03411120AAAAAAAA
49276942,0x130,5,C541FFFFFF
49318836,0x7DF,8,0201330000000000
49330907,0x7E8,8,03413364AAAAAAAA
49381836,0x7DF,8,02010C0000000000
49383288,0x130,5,C541FFFFFF
49394930,0x7E8,8,04410C0D88AAAAAA
49396875,0x7EC,8,04410C0D9AAAAAAA
49448836,0x7DF,8,02010D0000000000
49461907,0x7EC,8,03410D00AAAAAAAA
49463243,0x7E8,8,03410D00AAAAAAAA
49474942,0x130,5,C541FFFFFF
49516836,0x7DF,8,0201050000000000
49528907,0x7E8,8,0341058DAAAAAAAA
49580838,0x7DF,8,02012F0000000000
49582975,0x130,5,C541FFFFFF
49594930,0x7E8,8,03412F0CAAAAAAAA
49646836,0x7DF,8,0201420000000000
49658907,0x7EC,8,0441423583AAAAAA
49660184,0x7E8,8,0441423766AAAAAA
49681906,0x130,5,C541FFFFFF
49712836,0x7DF,8,0201010000000000
49724907,0x7E8,8,0641018307E100AA
49726192,0x7EC,8,06410100040000AA
49777836,0x7DF,8,0201040000000000
49780421,0x130,5,C541FFFFFF
49791930,0x7E8,8,0341044CAAAAAAAA
49843838,0x7DF,8,0201110000000000
49856907,0x7E8,8,0341111FAAAAAAAA
49878906,0x130,5,C541FFFFFF
49909836,0x7DF,8,02010F0000000000
49921907,0x7E8,8,03410F62AAAAAAAA
49973839,0x7DF,8,0201060000000000
49975973,0x130,5,C541FFFFFF
49987938,0x7E8,8,03410680AAAAAAAA
50039838,0x7DF,8,02011F0000000000
50052907,0x7E8,8,04411F0610AAAAAA
50074906,0x130,5,C541FFFFFF
50105836,0x7DF,8,02010C0000000000
50117907,0x7EC,8,04410C0D76AAAAAA
50119830,0x7E8,8,04410C0D5AAAAAAA
50170836,0x7DF,8,02010D0000000000
50182906,0x130,5,C541FFFFFF
50184138,0x7E8,8,03410D00AAAAAAAA
50185454,0x7EC,8,03410D00AAAAAAAA
50236836,0x7DF,8,0201050000000000
50249962,0x7E8,8,0341058DAAAAAAAA
50281906,0x130,5,C541FFFFFF
50303836,0x7DF,8,0201040000000000
50315907,0x7E8,8,0341044CAAAAAAAA
50367836,0x7DF,8,0201110000000000
50379906,0x130,5,C541FFFFFF
50381135,0x7E8,8,03411120AAAAAAAA
50431836,0x7DF,8,0201070000000000
50443907,0x7E8,8,0341077FAAAAAAAA
50475906,0x130,5,C541FFFFFF
50496836,0x7DF,8,02010C0000000000
50508907,0x7EC,8,04410C0D94AAAAAA
50510130,0x7E8,8,04410C0D98AAAAAA
50561836,0x7DF,8,02010D0000000000
50574907,0x7E8,8,03410D00AAAAAAAA
50576223,0x7EC,8,03410D00AAAAAAAA
50577686,0x130,5,C541FFFFFF
50629840,0x7DF,8,0201050000000000
50642907,0x7E8,8,0341058DAAAAAAAA
50674906,0x130,5,C541FFFFFF
50695836,0x7DF,8,02012F0000000000
50707907,0x7E8,8,03412F0CAAAAAAAA
50758836,0x7DF,8,0201420000000000
50771907,0x7E8,8,04414237ADAAAAAA
50773257,0x7EC,8,0441423567AAAAAA
50774794,0x130,5,C541FFFFFF
50826838,0x7DF,8,0201010000000000
50840907,0x7EC,8,06410100040000AA
50842218,0x7E8,8,0641018307E100AA
50883906,0x130,5,C541FFFFFF
50894836,0x7DF,8,0201040000000000
50905907,0x7E8,8,0341044BAAAAAAAA
50956836,0x7DF,8,0201110000000000
50968907,0x7E8,8,0341111FAAAAAAAA
50979942,0x130,5,C541FFFFFF
51021836,0x7DF,8,02010F0000000000
51033907,0x7E8,8,03410F62AAAAAAAA
51075906,0x130,5,C541FFFFFF
51087836,0x7DF,8,0201060000000000
51098907,0x7E8,8,0341067FAAAAAAAA
51149836,0x7DF,8,0201330000000000
51161907,0x7E8,8,03413364AAAAAAAA
51182906,0x130,5,C541FFFFFF
51214836,0x7DF,8,02010C0000000000
51226907,0x7EC,8,04410C0D68AAAAAA
51228135,0x7E8,8,04410C0D50AAAAAA
51279836,0x7DF,8,02010D0000000000
51282957,0x130,5,C541FFFFFF
51294930,0x7EC,8,03410D00AAAAAAAA
51296201,0x7E8,8,03410D00AAAAAAAA
51347836,0x7DF,8,0201050000000000
51360907,0x7E8,8,0341058DAAAAAAAA
51382906,0x130,5,C541FFFFFF
51413836,0x7DF,8,0201040000000000
51425907,0x7E8,8,0341044BAAAAAAAA
51476836,0x7DF,8,0201110000000000
51480241,0x130,5,C541FFFFFF
51491930,0x7E8,8,03411120AAAAAAAA
51553836,0x7DF,8,02010C0000000000
51566907,0x7EC,8,04410C0D9AAAAAAA
51568373,0x7E8,8,04410C0D8AAAAAAA
51579942,0x130,5,C541FFFFFF
51620836,0x7DF,8,02010D0000000000
51632907,0x7E8,8,03410D00AAAAAAAA
51634128,0x7EC,8,03410D00AAAAAAAA
51675906,0x130,5,C541FFFFFF
51687836,0x7DF,8,0201050000000000
51699907,0x7E8,8,0341058DAAAAAAAA
51750836,0x7DF,8,02012F0000000000
51764907,0x7E8,8,03412F0CAAAAAAAA
51776942,0x130,5,C541FFFFFF
51817836,0x7DF,8,0201420000000000
51829907,0x7EC,8,0441423567AAAAAA
51831119,0x7E8,8,0441423795AAAAAA
51881836,0x7DF,8,0201010000000000
51883867,0x130,5,C541FFFFFF
51894930,0x7E8,8,0641018307E100AA
51896185,0x7EC,8,06410100040000AA
51946836,0x7DF,8,0201040000000000
51958907,0x7E8,8,0341044CAAAAAAAA
51980906,0x130,5,C541FFFFFF
52011836,0x7DF,8,0201110000000000
52022907,0x7E8,8,0341111FAAAAAAAA
52074838,0x7DF,8,02010F0000000000
52077007,0x130,5,C541FFFFFF
52088930,0x7E8,8,03410F62AAAAAAAA
52140839,0x7DF,8,0201060000000000
52152907,0x7E8,8,0341067FAAAAAAAA
52174914,0x130,5,C541FFFFFF
52206836,0x7DF,8,0201070000000000
52218907,0x7E8,8,0341077FAAAAAAAA
52269836,0x7DF,8,02011F0000000000
52282906,0x130,5,C541FFFFFF
52284351,0x7E8,8,04411F0612AAAAAA
52335836,0x7DF,8,02010C0000000000
52347907,0x7EC,8,04410C0D60AAAAAA
52349250,0x7E8,8,04410C0D60AAAAAA
52380906,0x130,5,C541FFFFFF
52402836,0x7DF,8,02010D0000000000
52414907,0x7EC,8,03410D00AAAAAAAA
52416155,0x7E8,8,03410D00AAAAAAAA
52467836,0x7DF,8,0201050000000000
52480906,0x130,5,C541FFFFFF
52482278,0x7E8,8,0341058DAAAAAAAA
52533836,0x7DF,8,0201040000000000
52545907,0x7E8,8,0341044CAAAAAAAA
52577906,0x130,5,C541FFFFFF
52599836,0x7DF,8,0201110000000000
52611907,0x7E8,8,03411120AAAAAAAA
52662836,0x7DF,8,0201330000000000
52674906,0x130,5,C541FFFFFF
52676790,0x7E8,8,03413364AAAAAAAA
52728836,0x7DF,8,02010C0000000000
52741907,0x7EC,8,04410C0D74AAAAAA
52743282,0x7E8,8,04410C0D74AAAAAA
52774906,0x130,5,C541FFFFFF
52796836,0x7DF,8,02010D0000000000
52808907,0x7EC,8,03410D00AAAAAAAA
52810147,0x7E8,8,03410D00AAAAAAAA
52861836,0x7DF,8,0201050000000000
52874907,0x7E8,8,0341058DAAAAAAAA
52876284,0x130,5,C541FFFFFF
52926836,0x7DF,8,02012F0000000000
52938907,0x7E8,8,03412F0CAAAAAAAA
52979906,0x130,5,C541FFFFFF
52991836,0x7DF,8,0201420000000000
53003907,0x7E8,8,0441423766AAAAAA
53005143,0x7EC,8,0441423567AAAAAA
53056836,0x7DF,8,0201010000000000
53069907,0x7E8,8,0641018307E100AA
53071249,0x7EC,8,06410100040000AA
53082942,0x130,5,C541FFFFFF
53124836,0x7DF,8,0201040000000000
53136907,0x7E8,8,0341044CAAAAAAAA
53177914,0x130,5,C541FFFFFF
53189836,0x7DF,8,0201110000000000
53201907,0x7E8,8,03411120AAAAAAAA
53253840,0x7DF,8,02010F0000000000
53265907,0x7E8,8,03410F62AAAAAAAA
53277942,0x130,5,C541FFFFFF
53319836,0x7DF,8,0201060000000000
53331907,0x7E8,8,0341067FAAAAAAAA
53373906,0x130,5,C541FFFFFF
53384836,0x7DF,8,02010C0000000000
53398907,0x7EC,8,04410C0D8CAAAAAA
53400670,0x7E8,8,04410C0D88AAAAAA
53451836,0x7DF,8,02010D0000000000
53463907,0x7E8,8,03410D00AAAAAAAA
53465143,0x7EC,8,03410D00AAAAAAAA
53476942,0x130,5,C541FFFFFF
53517836,0x7DF,8,0201050000000000
53529907,0x7E8,8,0341058DAAAAAAAA
53581840,0x7DF,8,0201040000000000
53584048,0x130,5,C541FFFFFF
53586278,0x7E8,8,0341044BAAAAAAAA
53648836,0x7DF,8,0201110000000000
53661907,0x7E8,8,0341111FAAAAAAAA
53673942,0x130,5,C541FFFFFF
53724836,0x7DF,8,02010C0000000000
53737907,0x7EC,8,04410C0D60AAAAAA
53739327,0x7E8,8,04410C0D60AAAAAA
53780906,0x130,5,C541FFFFFF
53792836,0x7DF,8,02010D0000000000
53803907,0x7EC,8,03410D00AAAAAAAA
53814943,0x7E8,8,03410D00AAAAAAAA
53856836,0x7DF,8,0201050000000000
53868907,0x7E8,8,0341058DAAAAAAAA
53880942,0x130,5,C541FFFFFF
53951836,0x7DF,8,0201070000000000
53955010,0x7E8,8,0341077FAAAAAAAA
53976906,0x130,5,C541FFFFFF
54017836,0x7DF,8,02010C0000000000
54029907,0x7EC,8,04410C0D66AAAAAA
54031183,0x7E8,8,04410C0D68AAAAAA
54082839,0x7DF,8,0201010000000000
54085302,0x130,5,C541FFFFFF
54096931,0x7EC,8,06410100040000AA
54098203,0x7E8,8,0641018307E100AA
54149835,0x7E0,8,0203000000000000
54152803,0x7E0,8,30000A0000000000
54174906,0x130,5,C541FFFFFF
54216835,0x7E0,8,0207000000000000
54218810,0x7E0,8,30000A0000000000
54280836,0x7E0,8,020A000000000000
54283529,0x7E0,8,30000A0000000000
54285489,0x130,5,C541FFFFFF
54346836,0x7DF,8,02010D0000000000
54359907,0x7EC,8,03410D00AAAAAAAA
54361370,0x7E8,8,03410D00AAAAAAAA
54382906,0x130,5,C541FFFFFF
54413836,0x7DF,8,0201050000000000
54425907,0x7E8,8,0341058DAAAAAAAA
54477838,0x7DF,8,02012F0000000000
54479791,0x130,5,C541FFFFFF
54491930,0x7E8,8,03412F0CAAAAAAAA
54543838,0x7DF,8,0201420000000000
54556907,0x7EC,8,0441423567AAAAAA
54558278,0x7E8,8,0441423766AAAAAA
54579906,0x130,5,C541FFFFFF
54610836,0x7DF,8,0201010000000000
54622907,0x7E8,8,0641018307E100AA
54624799,0x7EC,8,06410100040000AA
54675836,0x7DF,8,0201040000000000
54677273,0x130,5,C541FFFFFF
54688930,0x7E8,8,0341044BAAAAAAAA
54739836,0x7DF,8,0201110000000000
54751916,0x7E8,8,03411120AAAAAAAA
54782906,0x130,5,C541FFFFFF
54804836,0x7DF,8,02010F0000000000
54816907,0x7E8,8,03410F62AAAAAAAA
54868836,0x7DF,8,0201060000000000
54880906,0x130,5,C541FFFFFF
54882163,0x7E8,8,03410680AAAAAAAA
54933836,0x7DF,8,0201330000000000
54946907,0x7E8,8,03413364AAAAAAAA
54978906,0x130,5,C541FFFFFF
54999836,0x7DF,8,02011F0000000000
55011907,0x7E8,8,04411F0615AAAAAA
55062836,0x7DF,8,02010C0000000000
55076907,0x7EC,8,04410C0D98AAAAAA
55078330,0x130,5,C541FFFFFF
55079805,0x7E8,8,04410C0D88AAAAAA
55131838,0x7DF,8,02010D0000000000
55134698,0x7EC,8,03410D00AAAAAAAA
55136332,0x7E8,8,03410D00AAAAAAAA
55176906,0x130,5,C541FFFFFF
55198836,0x7DF,8,0201050000000000
55210907,0x7E8,8,0341058DAAAAAAAA
55262836,0x7DF,8,0201040000000000
55275914,0x130,5,C541FFFFFF
55277172,0x7E8,8,0341044CAAAAAAAA
55328836,0x7DF,8,0201110000000000
55340907,0x7E8,8,03411120AAAAAAAA
55382906,0x130,5,C541FFFFFF
55403836,0x7DF,8,02010C0000000000
55415907,0x7EC,8,04410C0D6CAAAAAA
55417129,0x7E8,8,04410C0D64AAAAAA
55468836,0x7DF,8,02010D0000000000
55481907,0x7EC,8,03410D00AAAAAAAA
55483240,0x130,5,C541FFFFFF
55484723,0x7E8,8,03410D00AAAAAAAA
55536836,0x7DF,8,0201050000000000
55548935,0x7E8,8,0341058DAAAAAAAA
55580906,0x130,5,C541FFFFFF
55602836,0x7DF,8,02012F0000000000
55623907,0x7E8,8,03412F0CAAAAAAAA
55665836,0x7DF,8,0201420000000000
55677907,0x7EC,8,0441423531AAAAAA
55679183,0x130,5,C541FFFFFF
55680654,0x7E8,8,0441423766AAAAAA
55731836,0x7DF,8,0201010000000000
55743907,0x7EC,8,06410100040000AA
55745801,0x7E8,8,0641018307E100AA
55777906,0x130,5,C541FFFFFF
55798836,0x7DF,8,0201040000000000
55810907,0x7E8,8,0341044BAAAAAAAA
55861836,0x7DF,8,0201110000000000
55865267,0x7E8,8,03411120AAAAAAAA
55876938,0x130,5,C541FFFFFF
55928838,0x7DF,8,02010F0000000000
55940907,0x7E8,8,03410F62AAAAAAAA
55982906,0x130,5,C541FFFFFF
55994836,0x7DF,8,0201060000000000
56006907,0x7E8,8,0341067FAAAAAAAA
56057836,0x7DF,8,0201070000000000
56071907,0x7E8,8,0341077FAAAAAAAA
56073309,0x130,5,C541FFFFFF
56124836,0x7DF,8,02010C0000000000
56136907,0x7EC,8,04410C0D6EAAAAAA
56138268,0x7E8,8,04410C0D78AAAAAA
56179906,0x130,5,C541FFFFFF
56191836,0x7DF,8,02010D0000000000
56203907,0x7E8,8,03410D00AAAAAAAA
56205156,0x7EC,8,03410D00AAAAAAAA
56256836,0x7DF,8,0201050000000000
56269907,0x7E8,8,0341058DAAAAAAAA
56281942,0x130,5,C541FFFFFF
56323836,0x7DF,8,0201040000000000
56335907,0x7E8,8,0341044CAAAAAAAA
56376906,0x130,5,C541FFFFFF
56388836,0x7DF,8,0201110000000000
56400907,0x7E8,8,03411120AAAAAAAA
56452838,0x7DF,8,0201330000000000
56474907,0x7E8,8,03413364AAAAAAAA
56476883,0x130,5,C541FFFFFF
56518836,0x7DF,8,02010C0000000000
56530907,0x7EC,8,04410C0D84AAAAAA
56532131,0x7E8,8,04410C0D84AAAAAA
56573906,0x130,5,C541FFFFFF
56585836,0x7DF,8,02010D0000000000
56597907,0x7EC,8,03410D00AAAAAAAA
56599131,0x7E8,8,03410D00AAAAAAAA
56650836,0x7DF,8,0201050000000000
56663926,0x7E8,8,0341058DAAAAAAAA
56676942,0x130,5,C541FFFFFF
56718836,0x7DF,8,02012F0000000000
56730907,0x7E8,8,03412F0CAAAAAAAA
56781836,0x7DF,8,0201420000000000
56785151,0x130,5,C541FFFFFF
56786543,0x7E8,8,044142377EAAAAAA
56788098,0x7EC,8,044142354CAAAAAA
56849836,0x7DF,8,0201010000000000
56862907,0x7EC,8,06410100040000AA
56864567,0x7E8,8,0641018307E100AA
56875942,0x130,5,C541FFFFFF
56917836,0x7DF,8,0201040000000000
56929907,0x7E8,8,0341044CAAAAAAAA
56981838,0x7DF,8,0201110000000000
56984801,0x130,5,C541FFFFFF
56996930,0x7E8,8,03411120AAAAAAAA
57048838,0x7DF,8,02010F0000000000
57060907,0x7E8,8,03410F62AAAAAAAA
57072995,0x130,5,C541FFFFFF
57115836,0x7DF,8,0201060000000000
57127907,0x7E8,8,0341067FAAAAAAAA
57178836,0x7DF,8,02011F0000000000
57182230,0x130,5,C541FFFFFF
57193930,0x7E8,8,04411F0617AAAAAA
57245839,0x7DF,8,02010C0000000000
57257907,0x7EC,8,04410C0D58AAAAAA
57259209,0x7E8,8,04410C0D62AAAAAA
57280906,0x130,5,C541FFFFFF
57312836,0x7DF,8,02010D0000000000
57324907,0x7EC,8,03410D00AAAAAAAA
57326148,0x7E8,8,03410D00AAAAAAAA
57377836,0x7DF,8,0201050000000000
57379258,0x130,5,C541FFFFFF
57392931,0x7E8,8,0341058DAAAAAAAA
57443836,0x7DF,8,0201040000000000
57455907,0x7E8,8,0341044BAAAAAAAA
57476906,0x130,5,C541FFFFFF
57508836,0x7DF,8,0201110000000000
57520907,0x7E8,8,0341111FAAAAAAAA
57572925,0x130,5,C541FFFFFF
57584838,0x7DF,8,02010C0000000000
57597907,0x7EC,8,04410C0D5AAAAAAA
57599181,0x7E8,8,04410C0D44AAAAAA
57650836,0x7DF,8,02010D0000000000
57662907,0x7E8,8,03410D00AAAAAAAA
57664291,0x7EC,8,03410D00AAAAAAAA
57675942,0x130,5,C541FFFFFF
57717836,0x7DF,8,0201050000000000
57729907,0x7E8,8,0341058DAAAAAAAA
57781838,0x7DF,8,02012F0000000000
57783867,0x130,5,C541FFFFFF
57795930,0x7E8,8,03412F0CAAAAAAAA
57847836,0x7DF,8,0201420000000000
57859907,0x7EC,8,044142354CAAAAAA
57861142,0x7E8,8,0441423795AAAAAA
57872942,0x130,5,C541FFFFFF
57914836,0x7DF,8,0201010000000000
57926907,0x7EC,8,06410100040000AA
57928196,0x7E8,8,0641018307E100AA
57979836,0x7DF,8,0201040000000000
57982217,0x130,5,C541FFFFFF
57993969,0x7E8,8,0341044BAAAAAAAA
58047836,0x7DF,8,0201110000000000
58060907,0x7E8,8,03411120AAAAAAAA
58072942,0x130,5,C541FFFFFF
58114836,0x7DF,8,02010F0000000000
58126907,0x7E8,8,03410F62AAAAAAAA
58178838,0x7DF,8,0201060000000000
58180858,0x130,5,C541FFFFFF
58192930,0x7E8,8,0341067FAAAAAAAA
58244838,0x7DF,8,0201070000000000
58258923,0x7E8,8,0341077FAAAAAAAA
58280906,0x130,5,C541FFFFFF
58311836,0x7DF,8,0201330000000000
58332907,0x7E8,8,03413364AAAAAAAA
58374836,0x7DF,8,02010C0000000000
58376181,0x130,5,C541FFFFFF
58387930,0x7EC,8,04410C0D70AAAAAA
58389124,0x7E8,8,04410C0D78AAAAAA
58440836,0x7DF,8,02010D0000000000
58453907,0x7E8,8,03410D00AAAAAAAA
58455266,0x7EC,8,03410D00AAAAAAAA
58476906,0x130,5,C541FFFFFF
58507836,0x7DF,8,0201050000000000
58519907,0x7E8,8,0341058DAAAAAAAA
58571839,0x7DF,8,0201040000000000
58574015,0x130,5,C541FFFFFF
58585938,0x7E8,8,0341044BAAAAAAAA
58637841,0x7DF,8,0201110000000000
58650907,0x7E8,8,0341111FAAAAAAAA
58672906,0x130,5,C541FFFFFF
58713836,0x7DF,8,02010C0000000000
58725907,0x7EC,8,04410C0D3EAAAAAA
58727226,0x7E8,8,04410C0D3EAAAAAA
58778836,0x7DF,8,02010D0000000000
58781190,0x130,5,C541FFFFFF
58792930,0x7E8,8,03410D00AAAAAAAA
58794203,0x7EC,8,03410D00AAAAAAAA
58845836,0x7DF,8,0201050000000000
58858907,0x7E8,8,0341058DAAAAAAAA
58880906,0x130,5,C541FFFFFF
58912836,0x7DF,8,02012F0000000000
58934907,0x7E8,8,03412F0CAAAAAAAA
58976836,0x7DF,8,0201420000000000
58978267,0x130,5,C541FFFFFF
58989930,0x7EC,8,0441423531AAAAAA
58991162,0x7E8,8,0441423766AAAAAA
59042836,0x7DF,8,0201010000000000
59046001,0x7E8,8,0641018307E100AA
59057938,0x7EC,8,06410100040000AA
59079906,0x130,5,C541FFFFFF
59111836,0x7DF,8,0201040000000000
59123907,0x7E8,8,0341044CAAAAAAAA
59175836,0x7DF,8,0201110000000000
59177290,0x130,5,C541FFFFFF
59188930,0x7E8,8,03411120AAAAAAAA
59239836,0x7DF,8,02010F0000000000
59251907,0x7E8,8,03410F62AAAAAAAA
59272906,0x130,5,C541FFFFFF
59304839,0x7DF,8,0201010000000000
59316907,0x7EC,8,06410100040000AA
59318289,0x7E8,8,0641018307E100AA
59368835,0x7E0,8,0203000000000000
59370569,0x7E0,8,30000A0000000000
59382906,0x130,5,C541FFFFFF
59433835,0x7E0,8,0207000000000000
59437073,0x7E0,8,30000A0000000000
59478906,0x130,5,C541FFFFFF
59500836,0x7E0,8,020A000000000000
59502071,0x7E0,8,30000A0000000000
59563836,0x7DF,8,0201060000000000
59576906,0x130,5,C541FFFFFF
59578390,0x7E8,8,03410680AAAAAAAA
59629836,0x7DF,8,02011F0000000000
59641907,0x7E8,8,04411F061AAAAAAA
59673906,0x130,5,C541FFFFFF
59695836,0x7DF,8,02010C0000000000
59707907,0x7EC,8,04410C0D6CAAAAAA
59709150,0x7E8,8,04410C0D58AAAAAA
59760836,0x7DF,8,02010D0000000000
59773907,0x7E8,8,03410D00AAAAAAAA
59775289,0x7EC,8,03410D00AAAAAAAA
59776901,0x130,5,C541FFFFFF
59828838,0x7DF,8,0201050000000000
59840907,0x7E8,8,0341058DAAAAAAAA
59872906,0x130,5,C541FFFFFF
59894836,0x7DF,8,0201040000000000
59906907,0x7E8,8,0341044BAAAAAAAA
59957836,0x7DF,8,0201110000000000
59971907,0x7E8,8,0341111FAAAAAAAA
59973326,0x130,5,C541FFFFFF
60024836,0x7DF,8,0201070000000000
60036907,0x7E8,8,0341077FAAAAAAAA
60077906,0x130,5,C541FFFFFF
60089836,0x7DF,8,0201330000000000
60100907,0x7E8,8,03413364AAAAAAAA
60151836,0x7DF,8,02010C0000000000
60163907,0x7EC,8,04410C0D6AAAAAAA
60174942,0x7E8,8,04410C0D64AAAAAA
60176172,0x130,5,C541FFFFFF
60217836,0x7DF,8,02010D0000000000
60230485,0x7EC,8,03410D00AAAAAAAA
60232238,0x7E8,8,03410D00AAAAAAAA
60273906,0x130,5,C541FFFFFF
60285836,0x7DF,8,0201050000000000
60296907,0x7E8,8,0341058DAAAAAAAA
60347836,0x7DF,8,02012F0000000000
60361907,0x7E8,8,03412F0CAAAAAAAA
60373942,0x130,5,C541FFFFFF
60415836,0x7DF,8,0201420000000000
60427907,0x7EC,8,044142354CAAAAAA
60429115,0x7E8,8,044142374FAAAAAA
60480838,0x7DF,8,0201010000000000
60483932,0x130,5,C541FFFFFF
60485521,0x7E8,8,0641018307E100AA
60486959,0x7EC,8,06410100040000AA
60549836,0x7DF,8,0201040000000000
60561907,0x7E8,8,0341044BAAAAAAAA
60573942,0x130,5,C541FFFFFF
60615836,0x7DF,8,0201110000000000
60627907,0x7E8,8,03411120AAAAAAAA
60678836,0x7DF,8,02010F0000000000
60680961,0x130,5,C541FFFFFF
60692930,0x7E8,8,03410F62AAAAAAAA
60744838,0x7DF,8,0201060000000000
60756907,0x7E8,8,03410680AAAAAAAA
60778906,0x130,5,C541FFFFFF
60810836,0x7DF,8,02010C0000000000
60822907,0x7E8,8,04410C0D72AAAAAA
60824143,0x7EC,8,04410C0D74AAAAAA
60875836,0x7DF,8,02010D0000000000
60877892,0x130,5,C541FFFFFF
60889930,0x7E8,8,03410D00AAAAAAAA
60891167,0x7EC,8,03410D00AAAAAAAA
60942836,0x7DF,8,0201050000000000
60955907,0x7E8,8,0341058DAAAAAAAA
60978906,0x130,5,C541FFFFFF
61010836,0x7DF,8,0201040000000000
61022907,0x7E8,8,0341044BAAAAAAAA
61074838,0x7DF,8,0201110000000000
61077314,0x130,5,C541FFFFFF
61089930,0x7E8,8,0341111FAAAAAAAA
61151836,0x7DF,8,02010C0000000000
61163907,0x7E8,8,04410C0D5EAAAAAA
61164989,0x7EC,8,04410C0D5CAAAAAA
61175942,0x130,5,C541FFFFFF
61217836,0x7DF,8,02010D0000000000
61229915,0x7EC,8,03410D00AAAAAAAA
61231148,0x7E8,8,03410D00AAAAAAAA
61281836,0x7DF,8,0201050000000000
61283890,0x130,5,C541FFFFFF
61285540,0x7E8,8,0341058DAAAAAAAA
61376906,0x130,5,C541FFFFFF
61399836,0x7DF,8,02010C0000000000
61411907,0x7EC,8,04410C0D7AAAAAAA
61413148,0x7E8,8,04410C0D6AAAAAAA
61464836,0x7DF,8,02010D0000000000
61477906,0x130,5,C541FFFFFF
61479908,0x7EC,8,03410D00AAAAAAAA
61481555,0x7E8,8,03410D00AAAAAAAA
61532836,0x7DF,8,0201050000000000
61544907,0x7E8,8,0341058DAAAAAAAA
61576906,0x130,5,C541FFFFFF
61600836,0x7DF,8,02012F0000000000
61612907,0x7E8,8,03412F0CAAAAAAAA
61663836,0x7DF,8,0201420000000000
61675906,0x130,5,C541FFFFFF
61677145,0x7EC,8,0441423567AAAAAA
61678544,0x7E8,8,044142377EAAAAAA
61729836,0x7DF,8,0201010000000000
61741907,0x7E8,8,0641018307E100AA
61743133,0x7EC,8,06410100040000AA
61774906,0x130,5,C541FFFFFF
61795836,0x7DF,8,0201040000000000
61807907,0x7E8,8,0341044CAAAAAAAA
61859838,0x7DF,8,0201110000000000
61871917,0x7E8,8,0341111FAAAAAAAA
61873249,0x130,5,C541FFFFFF
61924836,0x7DF,8,02010F0000000000
61936907,0x7E8,8,03410F62AAAAAAAA
61978906,0x130,5,C541FFFFFF
61989836,0x7DF,8,0201060000000000
62001907,0x7E8,8,0341067FAAAAAAAA
62053836,0x7DF,8,0201070000000000
62075907,0x7E8,8,0341077FAAAAAAAA
62077323,0x130,5,C541FFFFFF
62118836,0x7DF,8,0201330000000000
62130907,0x7E8,8,03413364AAAAAAAA
62172906,0x130,5,C541FFFFFF
62183836,0x7DF,8,02011F0000000000
62195907,0x7E8,8,04411F061CAAAAAA
62247836,0x7DF,8,02010C0000000000
62259907,0x7EC,8,04410C0D66AAAAAA
62261156,0x7E8,8,04410C0D6EAAAAAA
62272942,0x130,5,C541FFFFFF
62314836,0x7DF,8,02010D0000000000
62326907,0x7EC,8,03410D00AAAAAAAA
62328172,0x7E8,8,03410D00AAAAAAAA
62379836,0x7DF,8,0201050000000000
62382222,0x130,5,C541FFFFFF
62393930,0x7E8,8,0341058DAAAAAAAA
62445836,0x7DF,8,0201040000000000
62457907,0x7E8,8,0341044BAAAAAAAA
62478906,0x130,5,C541FFFFFF
62509836,0x7DF,8,0201110000000000
62521907,0x7E8,8,0341111FAAAAAAAA
62573918,0x130,5,C541FFFFFF
62585836,0x7DF,8,02010C0000000000
62597907,0x7EC,8,04410C0D66AAAAAA
62599369,0x7E8,8,04410C0D68AAAAAA
62650836,0x7DF,8,02010D0000000000
62662907,0x7EC,8,03410D00AAAAAAAA
62664183,0x7E8,8,03410D00AAAAAAAA
62675942,0x130,5,C541FFFFFF
62717836,0x7DF,8,0201050000000000
62729907,0x7E8,8,0341058DAAAAAAAA
62780836,0x7DF,8,02012F0000000000
62782290,0x130,5,C541FFFFFF
62793930,0x7E8,8,03412F0CAAAAAAAA
62844836,0x7DF,8,0201420000000000
62856907,0x7EC,8,0441423531AAAAAA
62857899,0x7E8,8,0441423737AAAAAA
62878906,0x130,5,C541FFFFFF
62910836,0x7DF,8,0201010000000000
62922907,0x7E8,8,0641018307E100AA
62924169,0x7EC,8,06410100040000AA
62975836,0x7DF,8,0201040000000000
62977967,0x130,5,C541FFFFFF
62989930,0x7E8,8,0341044BAAAAAAAA
63041838,0x7DF,8,0201110000000000
63054907,0x7E8,8,0341111FAAAAAAAA
63076906,0x130,5,C541FFFFFF
63107836,0x7DF,8,02010F0000000000
63119907,0x7E8,8,03410F62AAAAAAAA
63171836,0x7DF,8,0201060000000000
63173293,0x130,5,C541FFFFFF
63174720,0x7E8,8,0341067FAAAAAAAA
63235836,0x7DF,8,02010C0000000000
63248914,0x7EC,8,04410C0D30AAAAAA
63250418,0x7E8,8,04410C0D28AAAAAA
63271906,0x130,5,C541FFFFFF
63302836,0x7DF,8,02010D0000000000
63313907,0x7EC,8,03410D00AAAAAAAA
63315140,0x7E8,8,03410D00AAAAAAAA
63366836,0x7DF,8,0201050000000000
63378906,0x130,5,C541FFFFFF
63380183,0x7E8,8,0341058DAAAAAAAA
63431836,0x7DF,8,0201040000000000
63435078,0x7E8,8,0341044BAAAAAAAA
63476906,0x130,5,C541FFFFFF
63498836,0x7DF,8,0201110000000000
63510907,0x7E8,8,03411120AAAAAAAA
63571836,0x7DF,8,02010C0000000000
63575026,0x130,5,C541FFFFFF
63576821,0x7E8,8,04410C0D56AAAAAA
63588942,0x7EC,8,04410C0D46AAAAAA
63639836,0x7DF,8,02010D0000000000
63651907,0x7E8,8,03410D00AAAAAAAA
63652909,0x7EC,8,03410D00AAAAAAAA
63673906,0x130,5,C541FFFFFF
63705836,0x7DF,8,0201050000000000
63717907,0x7E8,8,0341058DAAAAAAAA
63779906,0x130,5,C541FFFFFF
63802836,0x7DF,8,0201070000000000
63814907,0x7E8,8,0341077FAAAAAAAA
63865836,0x7DF,8,0201330000000000
63879906,0x130,5,C541FFFFFF
63881317,0x7E8,8,03413364AAAAAAAA
63932836,0x7DF,8,02010C0000000000
63947907,0x7EC,8,04410C0D64AAAAAA
63949253,0x7E8,8,04410C0D64AAAAAA
63980906,0x130,5,C541FFFFFF
64001836,0x7DF,8,02010D0000000000
64013907,0x7E8,8,03410D00AAAAAAAA
64015129,0x7EC,8,03410D00AAAAAAAA
64066836,0x7DF,8,0201050000000000
64079906,0x130,5,C541FFFFFF
64081243,0x7E8,8,0341058DAAAAAAAA
64132836,0x7DF,8,02012F0000000000
64144907,0x7E8,8,03412F0CAAAAAAAA
64176906,0x130,5,C541FFFFFF
64198836,0x7DF,8,0201420000000000
64210907,0x7E8,8,0441423766AAAAAA
64212134,0x7EC,8,044142354CAAAAAA
64263836,0x7DF,8,0201010000000000
64276906,0x130,5,C541FFFFFF
64278274,0x7EC,8,06410100040000AA
64279835,0x7E8,8,0641018307E100AA
64331840,0x7DF,8,0201040000000000
64343923,0x7E8,8,0341044BAAAAAAAA
64376906,0x130,5,C541FFFFFF
64398836,0x7DF,8,0201110000000000
64410907,0x7E8,8,0341111FAAAAAAAA
64461836,0x7DF,8,02010F0000000000
64475907,0x7E8,8,03410F62AAAAAAAA
64477348,0x130,5,C541FFFFFF
64528839,0x7DF,8,0201010000000000
64540907,0x7E8,8,0641018307E100AA
64542266,0x7EC,8,06410100040000AA
64573906,0x130,5,C541FFFFFF
64595835,0x7E0,8,0203000000000000
64597032,0x7E0,8,30000A0000000000
64658835,0x7E0,8,0207000000000000
64660316,0x7E0,8,30000A0000000000
64671906,0x130,5,C541FFFFFF
64722836,0x7E0,8,020A000000000000
64724088,0x7E0,8,30000A0000000000
64775906,0x130,5,C541FFFFFF
64788836,0x7DF,8,0201060000000000
64800907,0x7E8,8,0341067FAAAAAAAA
64851836,0x7DF,8,02011F0000000000
64863907,0x7E8,8,04411F061FAAAAAA
64875942,0x130,5,C541FFFFFF
64917836,0x7DF,8,02010C0000000000
64929907,0x7EC,8,04410C0D4CAAAAAA
64931167,0x7E8,8,04410C0D4CAAAAAA
64972906,0x130,5,C541FFFFFF
64984836,0x7DF,8,02010D0000000000
64996907,0x7EC,8,03410D00AAAAAAAA
64998147,0x7E8,8,03410D00AAAAAAAA
65049836,0x7DF,8,0201050000000000
65062907,0x7E8,8,0341058DAAAAAAAA
65074942,0x130,5,C541FFFFFF
65116836,0x7DF,8,0201040000000000
65128907,0x7E8,8,0341044EAAAAAAAA
65179836,0x7DF,8,0201110000000000
65183124,0x130,5,C541FFFFFF
65194930,0x7E8,8,03411128AAAAAAAA
65257836,0x7DF,8,02010C0000000000
65270915,0x7E8,8,04410C0D7AAAAAAA
65272862,0x7EC,8,04410C0E06AAAAAA
65274614,0x130,5,C541FFFFFF
65325836,0x7DF,8,02010D0000000000
65337907,0x7EC,8,03410D00AAAAAAAA
65339171,0x7E8,8,03410D00AAAAAAAA
65380906,0x130,5,C541FFFFFF
65392836,0x7DF,8,0201050000000000
65414907,0x7E8,8,0341058DAAAAAAAA
65455836,0x7DF,8,02012F0000000000
65467907,0x7E8,8,03412F0CAAAAAAAA
65471581,0x130,5,C541FFFFFF
65523836,0x7DF,8,0201420000000000
65536907,0x7EC,8,04414234C3AAAAAA
65538252,0x7E8,8,0441423708AAAAAA
65579906,0x130,5,C541FFFFFF
65591836,0x7DF,8,0201010000000000
65603907,0x7E8,8,0641018307E100AA
65605158,0x7EC,8,06410100040000AA
65656836,0x7DF,8,0201040000000000
65668907,0x7E8,8,03410454AAAAAAAA
65680942,0x130,5,C541FFFFFF
65722836,0x7DF,8,0201110000000000
65734907,0x7E8,8,0341111FAAAAAAAA
65776928,0x130,5,C541FFFFFF
65789836,0x7DF,8,02010F0000000000
65801907,0x7E8,8,03410F62AAAAAAAA
65852836,0x7DF,8,0201060000000000
65874907,0x7E8,8,03410681AAAAAAAA
65876405,0x130,5,C541FFFFFF
65917836,0x7DF,8,0201070000000000
65929907,0x7E8,8,0341077FAAAAAAAA
65971906,0x130,5,C541FFFFFF
65982836,0x7DF,8,0201330000000000
65994907,0x7E8,8,03413364AAAAAAAA
66046839,0x7DF,8,02010C0000000000
66058907,0x7EC,8,04410C0DA8AAAAAA
66060295,0x7E8,8,04410C0D18AAAAAA
66071942,0x130,5,C541FFFFFF
66113836,0x7DF,8,02010D0000000000
66125907,0x7EC,8,03410D00AAAAAAAA
66127201,0x7E8,8,03410D00AAAAAAAA
66178836,0x7DF,8,0201050000000000
66181224,0x130,5,C541FFFFFF
66192930,0x7E8,8,0341058DAAAAAAAA
66244836,0x7DF,8,0201040000000000
66256907,0x7E8,8,03410458AAAAAAAA
66277906,0x130,5,C541FFFFFF
66308836,0x7DF,8,0201110000000000
66320907,0x7E8,8,03411127AAAAAAAA
66372906,0x130,5,C541FFFFFF
66384836,0x7DF,8,02010C0000000000
66396907,0x7EC,8,04410C0D1CAAAAAA
66397919,0x7E8,8,04410C0D74AAAAAA
66448836,0x7DF,8,02010D0000000000
66460915,0x7EC,8,03410D00AAAAAAAA
66462376,0x7E8,8,03410D00AAAAAAAA
66473942,0x130,5,C541FFFFFF
66514836,0x7DF,8,0201050000000000
66526907,0x7E8,8,0341058DAAAAAAAA
66578842,0x7DF,8,02012F0000000000
66581192,0x130,5,C541FFFFFF
66592930,0x7E8,8,03412F0CAAAAAAAA
66644836,0x7DF,8,0201420000000000
66656907,0x7EC,8,04414233CDAAAAAA
66658178,0x7E8,8,0441423605AAAAAA
66679906,0x130,5,C541FFFFFF
66710836,0x7DF,8,0201010000000000
66722907,0x7E8,8,0641018307E100AA
66724209,0x7EC,8,06410100040000AA
66775836,0x7DF,8,0201040000000000
66778218,0x130,5,C541FFFFFF
66789930,0x7E8,8,03410454AAAAAAAA
66841838,0x7DF,8,0201110000000000
66854907,0x7E8,8,03411124AAAAAAAA
66876906,0x130,5,C541FFFFFF
66907836,0x7DF,8,02010F0000000000
66919907,0x7E8,8,03410F62AAAAAAAA
66971838,0x7DF,8,0201060000000000
66974049,0x130,5,C541FFFFFF
66975504,0x7E8,8,03410683AAAAAAAA
67036836,0x7DF,8,02011F0000000000
67049907,0x7E8,8,04411F0621AAAAAA
67071906,0x130,5,C541FFFFFF
67102836,0x7DF,8,02010C0000000000
67114907,0x7EC,8,04410C0F8EAAAAAA
67116846,0x7E8,8,04410C0E50AAAAAA
67168836,0x7DF,8,02010D0000000000
67180906,0x130,5,C541FFFFFF
67182165,0x7EC,8,03410D00AAAAAAAA
67183566,0x7E8,8,03410D00AAAAAAAA
67234836,0x7DF,8,0201050000000000
67247917,0x7E8,8,0341058DAAAAAAAA
67279906,0x130,5,C541FFFFFF
67301836,0x7DF,8,0201040000000000
67312915,0x7E8,8,0341045AAAAAAAAA
67363836,0x7DF,8,0201110000000000
67375906,0x130,5,C541FFFFFF
67377127,0x7E8,8,0341111EAAAAAAAA
67438836,0x7DF,8,02010C0000000000
67451907,0x7E8,8,04410C0E58AAAAAA
67453412,0x7EC,8,04410C0E00AAAAAA
67474906,0x130,5,C541FFFFFF
67505836,0x7DF,8,02010D0000000000
67517926,0x7EC,8,03410D00AAAAAAAA
67520713,0x7E8,8,03410D00AAAAAAAA
67572836,0x7DF,8,0201050000000000
67575272,0x130,5,C541FFFFFF
67586930,0x7E8,8,0341058DAAAAAAAA
67638838,0x7DF,8,02012F0000000000
67651907,0x7E8,8,03412F0CAAAAAAAA
67673906,0x130,5,C541FFFFFF
67704836,0x7DF,8,0201420000000000
67716907,0x7EC,8,04414231AAAAAAAA
67718341,0x7E8,8,0441423519AAAAAA
67769836,0x7DF,8,0201010000000000
67771810,0x130,5,C541FFFFFF
67773345,0x7EC,8,06410100040000AA
67774830,0x7E8,8,0641018307E100AA
67836836,0x7DF,8,0201040000000000
67849907,0x7E8,8,03410451AAAAAAAA
67871906,0x130,5,C541FFFFFF
67902836,0x7DF,8,0201110000000000
67914907,0x7E8,8,0341111FAAAAAAAA
67965836,0x7DF,8,02010F0000000000
67979906,0x130,5,C541FFFFFF
67981325,0x7E8,8,03410F62AAAAAAAA
68032836,0x7DF,8,0201060000000000
68045907,0x7E8,8,03410680AAAAAAAA
68077906,0x130,5,C541FFFFFF
68098836,0x7DF,8,0201070000000000
68110907,0x7E8,8,0341077FAAAAAAAA
68161836,0x7DF,8,0201330000000000
68173907,0x7E8,8,03413364AAAAAAAA
68175170,0x130,5,C541FFFFFF
68226836,0x7DF,8,02010C0000000000
68238907,0x7E8,8,04410C0D02AAAAAA
68240905,0x7EC,8,04410C0D6EAAAAAA
68271923,0x130,5,C541FFFFFF
68293836,0x7DF,8,02010D0000000000
68305907,0x7EC,8,03410D00AAAAAAAA
68307125,0x7E8,8,03410D00AAAAAAAA
68358836,0x7DF,8,0201050000000000
68372907,0x7E8,8,0341058DAAAAAAAA
68374297,0x130,5,C541FFFFFF
68425836,0x7DF,8,0201040000000000
68437907,0x7E8,8,0341045AAAAAAAAA
68471906,0x130,5,C541FFFFFF
68493836,0x7DF,8,0201110000000000
68505907,0x7E8,8,03411127AAAAAAAA
68566836,0x7DF,8,02010C0000000000
68579906,0x130,5,C541FFFFFF
68581376,0x7EC,8,04410C0E3AAAAAAA
68582907,0x7E8,8,04410C0E78AAAAAA
68634838,0x7DF,8,02010D0000000000
68646907,0x7EC,8,03410D00AAAAAAAA
68648878,0x7E8,8,03410D00AAAAAAAA
68670906,0x130,5,C541FFFFFF
68701836,0x7DF,8,0201050000000000
68723907,0x7E8,8,0341058DAAAAAAAA
68765836,0x7DF,8,02012F0000000000
68777906,0x130,5,C541FFFFFF
68779206,0x7E8,8,03412F0CAAAAAAAA
68830836,0x7DF,8,0201420000000000
68843907,0x7E8,8,0441423708AAAAAA
68845303,0x7EC,8,04414234A8AAAAAA
68876906,0x130,5,C541FFFFFF
68898836,0x7DF,8,0201010000000000
68910907,0x7EC,8,06410100040000AA
68912157,0x7E8,8,0641018307E100AA
68963836,0x7DF,8,0201040000000000
68976906,0x130,5,C541FFFFFF
68978314,0x7E8,8,03410455AAAAAAAA
69029836,0x7DF,8,0201110000000000
69042907,0x7E8,8,03411126AAAAAAAA
69074906,0x130,5,C541FFFFFF
69096836,0x7DF,8,02010F0000000000
69108907,0x7E8,8,03410F62AAAAAAAA
69159836,0x7DF,8,0201060000000000
69171907,0x7E8,8,03410683AAAAAAAA
69173229,0x130,5,C541FFFFFF
69224836,0x7DF,8,02011F0000000000
69236907,0x7E8,8,04411F0623AAAAAA
69278914,0x130,5,C541FFFFFF
69290836,0x7DF,8,02010C0000000000
69302907,0x7E8,8,04410C0E8CAAAAAA
69304149,0x7EC,8,04410C0FD0AAAAAA
69355836,0x7DF,8,02010D0000000000
69368907,0x7EC,8,03410D00AAAAAAAA
69370845,0x7E8,8,03410D00AAAAAAAA
69371696,0x130,5,C541FFFFFF
69422836,0x7DF,8,0201050000000000
69434907,0x7E8,8,0341058DAAAAAAAA
69476906,0x130,5,C541FFFFFF
69488836,0x7DF,8,0201040000000000
69500907,0x7E8,8,03410452AAAAAAAA
69551836,0x7DF,8,0201110000000000
69573907,0x7E8,8,0341111EAAAAAAAA
69575887,0x130,5,C541FFFFFF
69616836,0x7DF,8,0201070000000000
69628907,0x7E8,8,0341077FAAAAAAAA
69670906,0x130,5,C541FFFFFF
69682836,0x7DF,8,02010C0000000000
69694914,0x7EC,8,04410C0EF2AAAAAA
69696159,0x7E8,8,04410C105AAAAAAA
69747839,0x7DF,8,0201010000000000
69759907,0x7E8,8,0641018307E100AA
69761183,0x7EC,8,06410100040000AA
69772942,0x130,5,C541FFFFFF
69814835,0x7E0,8,0203000000000000
69816103,0x7E0,8,30000A0000000000
69877835,0x7E0,8,0207000000000000
69881017,0x7E0,8,30000A0000000000
69883154,0x130,5,C541FFFFFF
69943836,0x7E0,8,020A000000000000
69945537,0x7E0,8,30000A0000000000
69976906,0x130,5,C541FFFFFF
70008836,0x7DF,8,02010D0000000000
70020907,0x7E8,8,03410D00AAAAAAAA
70022252,0x7EC,8,03410D00AAAAAAAA
70073836,0x7DF,8,0201050000000000
70076081,0x130,5,C541FFFFFF
70086930,0x7E8,8,0341058DAAAAAAAA
70138836,0x7DF,8,02012F0000000000
70150907,0x7E8,8,03412F0CAAAAAAAA
70171906,0x130,5,C541FFFFFF
70203836,0x7DF,8,0201420000000000
70215907,0x7EC,8,04414230EBAAAAAA
70217184,0x7E8,8,0441423342AAAAAA
70269836,0x7DF,8,0201010000000000
70271759,0x130,5,C541FFFFFF
70283942,0x7E8,8,0641018307E100AA
70285846,0x7EC,8,06410100040000AA
70337836,0x7DF,8,0201040000000000
70350907,0x7E8,8,03410450AAAAAAAA
70372906,0x130,5,C541FFFFFF
70403836,0x7DF,8,0201110000000000
70415907,0x7E8,8,0341111FAAAAAAAA
70467838,0x7DF,8,02010F0000000000
70479906,0x130,5,C541FFFFFF
70481244,0x7E8,8,03410F62AAAAAAAA
70532836,0x7DF,8,0201060000000000
70545907,0x7E8,8,03410680AAAAAAAA
70577906,0x130,5,C541FFFFFF
70599836,0x7DF,8,0201330000000000
70611907,0x7E8,8,03413364AAAAAAAA
70663838,0x7DF,8,02010C0000000000
70675906,0x130,5,C541FFFFFF
70677240,0x7EC,8,04410C0E00AAAAAA
70678727,0x7E8,8,04410C0D44AAAAAA
70730838,0x7DF,8,02010D0000000000
70743907,0x7E8,8,03410D00AAAAAAAA
70745271,0x7EC,8,03410D00AAAAAAAA
70776906,0x130,5,C541FFFFFF
70797836,0x7DF,8,0201050000000000
70809907,0x7E8,8,0341058DAAAAAAAA
70861838,0x7DF,8,0201040000000000
70873906,0x130,5,C541FFFFFF
70875303,0x7E8,8,03410456AAAAAAAA
70926836,0x7DF,8,0201110000000000
70938907,0x7E8,8,03411120AAAAAAAA
70970906,0x130,5,C541FFFFFF
71002836,0x7DF,8,02010C0000000000
71014907,0x7EC,8,04410C0D76AAAAAA
71016184,0x7E8,8,04410C0D5AAAAAAA
71067836,0x7DF,8,02010D0000000000
71080906,0x130,5,C541FFFFFF
71082302,0x7EC,8,03410D00AAAAAAAA
71083726,0x7E8,8,03410D00AAAAAAAA
71135838,0x7DF,8,0201050000000000
71148907,0x7E8,8,0341058DAAAAAAAA
71170906,0x130,5,C541FFFFFF
71201836,0x7DF,8,02012F0000000000
71213907,0x7E8,8,03412F0CAAAAAAAA
71265836,0x7DF,8,0201420000000000
71278906,0x130,5,C541FFFFFF
71280255,0x7EC,8,04414234C3AAAAAA
71281886,0x7E8,8,04414236F1AAAAAA
71333838,0x7DF,8,0201010000000000
71346907,0x7EC,8,06410100040000AA
71348241,0x7E8,8,0641018307E100AA
71379906,0x130,5,C541FFFFFF
71400836,0x7DF,8,0201040000000000
71412907,0x7E8,8,03410452AAAAAAAA
71464836,0x7DF,8,0201110000000000
71476906,0x130,5,C541FFFFFF
71478153,0x7E8,8,03411128AAAAAAAA
71529836,0x7DF,8,02010F0000000000
71542907,0x7E8,8,03410F62AAAAAAAA
71574906,0x130,5,C541FFFFFF
71596836,0x7DF,8,0201060000000000
71608907,0x7E8,8,03410683AAAAAAAA
71660836,0x7DF,8,0201070000000000
71672907,0x7E8,8,0341077FAAAAAAAA
71674188,0x130,5,C541FFFFFF
71725836,0x7DF,8,02011F0000000000
71738907,0x7E8,8,04411F0626AAAAAA
71779906,0x130,5,C541FFFFFF
71791836,0x7DF,8,02010C0000000000
71802907,0x7E8,8,04410C10A0AAAAAA
71803967,0x7EC,8,04410C112AAAAAAA
71854836,0x7DF,8,02010D0000000000
71866907,0x7EC,8,03410D00AAAAAAAA
71867930,0x7E8,8,03410D00AAAAAAAA
71878942,0x130,5,C541FFFFFF
71920838,0x7DF,8,0201050000000000
71933907,0x7E8,8,0341058DAAAAAAAA
71975906,0x130,5,C541FFFFFF
71986836,0x7DF,8,0201040000000000
71998907,0x7E8,8,03410453AAAAAAAA
72049836,0x7DF,8,0201110000000000
72063907,0x7E8,8,0341112AAAAAAAAA
72075942,0x130,5,C541FFFFFF
72116838,0x7DF,8,0201330000000000
72128907,0x7E8,8,03413364AAAAAAAA
72170906,0x130,5,C541FFFFFF
72181836,0x7DF,8,02010C0000000000
72193907,0x7E8,8,04410C11A0AAAAAA
72195137,0x7EC,8,04410C1132AAAAAA
72246836,0x7DF,8,02010D0000000000
72259907,0x7E8,8,03410D00AAAAAAAA
72261266,0x7EC,8,03410D00AAAAAAAA
72271942,0x130,5,C541FFFFFF
72313836,0x7DF,8,0201050000000000
72325906,0x7E8,8,0341058DAAAAAAAA
72376836,0x7DF,8,02012F0000000000
72380237,0x130,5,C541FFFFFF
72391930,0x7E8,8,03412F0CAAAAAAAA
72443838,0x7DF,8,0201420000000000
72456907,0x7EC,8,044142343BAAAAAA
72458247,0x7E8,8,0441423692AAAAAA
72469954,0x130,5,C541FFFFFF
72511836,0x7DF,8,0201010000000000
72523907,0x7E8,8,0641018307E100AA
72525148,0x7EC,8,06410100040000AA
72576836,0x7DF,8,0201040000000000
72579999,0x130,5,C541FFFFFF
72591930,0x7E8,8,0341044DAAAAAAAA
72643838,0x7DF,8,0201110000000000
72655907,0x7E8,8,0341111EAAAAAAAA
72676906,0x130,5,C541FFFFFF
72708836,0x7DF,8,02010F0000000000
72720907,0x7E8,8,03410F62AAAAAAAA
72772838,0x7DF,8,0201060000000000
72775748,0x130,5,C541FFFFFF
72777360,0x7E8,8,03410680AAAAAAAA
72838836,0x7DF,8,02010C0000000000
72850907,0x7EC,8,04410C0D64AAAAAA
72852883,0x7E8,8,04410C0D9AAAAAAA
72873906,0x130,5,C541FFFFFF
72904836,0x7DF,8,02010D0000000000
72916907,0x7EC,8,03410D00AAAAAAAA
72918183,0x7E8,8,03410D00AAAAAAAA
72969849,0x7DF,8,0201050000000000
72973038,0x130,5,C541FFFFFF
72974650,0x7E8,8,0341058DAAAAAAAA
73035836,0x7DF,8,0201040000000000
73048907,0x7E8,8,0341044BAAAAAAAA
73070906,0x130,5,C541FFFFFF
73102836,0x7DF,8,0201110000000000
73114907,0x7E8,8,0341111FAAAAAAAA
73176836,0x7DF,8,02010C0000000000
73180036,0x130,5,C541FFFFFF
73181940,0x7EC,8,04410C0D0AAAAAAA
73193942,0x7E8,8,04410C0D24AAAAAA
73245838,0x7DF,8,02010D0000000000
73258907,0x7E8,8,03410D00AAAAAAAA
73260907,0x7EC,8,03410D00AAAAAAAA
73272942,0x130,5,C541FFFFFF
73314836,0x7DF,8,0201050000000000
73326907,0x7E8,8,0341058DAAAAAAAA
73378927,0x130,5,C541FFFFFF
73411836,0x7DF,8,0201070000000000
73423907,0x7E8,8,0341077FAAAAAAAA
73474836,0x7DF,8,02010C0000000000
73478231,0x130,5,C541FFFFFF
73489930,0x7EC,8,04410C0D26AAAAAA
73491184,0x7E8,8,04410C0D04AAAAAA
73542836,0x7DF,8,02010D0000000000
73544849,0x7E8,8,03410D00AAAAAAAA
73555938,0x7EC,8,03410D00AAAAAAAA
73576906,0x130,5,C541FFFFFF
73608836,0x7DF,8,0201050000000000
73620907,0x7E8,8,0341058DAAAAAAAA
73672836,0x7DF,8,02012F0000000000
73674385,0x130,5,C541FFFFFF
73675950,0x7E8,8,03412F0CAAAAAAAA
73737836,0x7DF,8,0201420000000000
73749907,0x7EC,8,0441423471AAAAAA
73751194,0x7E8,8,04414236D9AAAAAA
73772906,0x130,5,C541FFFFFF
73804836,0x7DF,8,0201010000000000
73816907,0x7EC,8,06410100040000AA
73818161,0x7E8,8,0641018307E100AA
73869836,0x7DF,8,0201040000000000
73873061,0x130,5,C541FFFFFF
73874638,0x7E8,8,0341044BAAAAAAAA
73935836,0x7DF,8,0201110000000000
73948907,0x7E8,8,0341111FAAAAAAAA
73970906,0x130,5,C541FFFFFF
74002836,0x7DF,8,02010F0000000000
74024907,0x7E8,8,03410F62AAAAAAAA
74066836,0x7DF,8,0201060000000000
74078906,0x130,5,C541FFFFFF
74080773,0x7E8,8,03410680AAAAAAAA
74131836,0x7DF,8,0201330000000000
74143907,0x7E8,8,03413364AAAAAAAA
74175906,0x130,5,C541FFFFFF
74197836,0x7DF,8,02011F0000000000
74209907,0x7E8,8,04411F0628AAAAAA
74260836,0x7DF,8,02010C0000000000
74272907,0x7E8,8,04410C0D40AAAAAA
74274361,0x7EC,8,04410C0D26AAAAAA
74275185,0x130,5,C541FFFFFF
74329838,0x7DF,8,02010D0000000000
74342907,0x7E8,8,03410D00AAAAAAAA
74344224,0x7EC,8,03410D00AAAAAAAA
74375906,0x130,5,C541FFFFFF
74396836,0x7DF,8,0201050000000000
74408907,0x7E8,8,0341058DAAAAAAAA
74460838,0x7DF,8,0201040000000000
74472907,0x7E8,8,0341044DAAAAAAAA
74474233,0x130,5,C541FFFFFF
74526836,0x7DF,8,0201110000000000
74539907,0x7E8,8,0341111FAAAAAAAA
74571906,0x130,5,C541FFFFFF
74602836,0x7DF,8,02010C0000000000
74614913,0x7EC,8,04410C0CD4AAAAAA
74616183,0x7E8,8,04410C0CD6AAAAAA
74667836,0x7DF,8,02010D0000000000
74679906,0x130,5,C541FFFFFF
74681365,0x7EC,8,03410D00AAAAAAAA
74682849,0x7E8,8,03410D00AAAAAAAA
74733836,0x7DF,8,0201050000000000
74745907,0x7E8,8,0341058DAAAAAAAA
74776906,0x130,5,C541FFFFFF
74797836,0x7DF,8,02012F0000000000
74809907,0x7E8,8,03412F0CAAAAAAAA
74861838,0x7DF,8,0201420000000000
74873907,0x7E8,8,0441423663AAAAAA
74875242,0x7EC,8,044142343BAAAAAA
74876706,0x130,5,C541FFFFFF
74928839,0x7DF,8,0201010000000000
74941907,0x7E8,8,0641018307E100AA
74943239,0x7EC,8,06410100040000AA
74974906,0x130,5,C541FFFFFF
74995839,0x7DF,8,0201010000000000
75007907,0x7E8,8,0641018307E100AA
75009193,0x7EC,8,06410100040000AA
75060835,0x7E0,8,0203000000000000
75062883,0x7E0,8,30000A0000000000
75074906,0x130,5,C541FFFFFF
75126835,0x7E0,8,0207000000000000
75130220,0x7E0,8,30000A0000000000
75171906,0x130,5,C541FFFFFF
75193836,0x7E0,8,020A000000000000
75195083,0x7E0,8,30000A0000000000
75256836,0x7DF,8,0201040000000000
75268915,0x7E8,8,0341044BAAAAAAAA
75270208,0x130,5,C541FFFFFF
75321836,0x7DF,8,0201110000000000
75334907,0x7E8,8,0341111FAAAAAAAA
75376906,0x130,5,C541FFFFFF
75388836,0x7DF,8,02010F0000000000
75399907,0x7E8,8,03410F62AAAAAAAA
75450836,0x7DF,8,0201060000000000
75462907,0x7E8,8,03410680AAAAAAAA
75473942,0x130,5,C541FFFFFF
75514836,0x7DF,8,0201070000000000
75526907,0x7E8,8,0341077FAAAAAAAA
75578838,0x7DF,8,02010C0000000000
75580954,0x130,5,C541FFFFFF
75592930,0x7E8,8,04410C0CD8AAAAAA
75594204,0x7EC,8,04410C0CECAAAAAA
75645836,0x7DF,8,02010D0000000000
75657924,0x7EC,8,03410D00AAAAAAAA
75659031,0x7E8,8,03410D00AAAAAAAA
75670942,0x130,5,C541FFFFFF
75711836,0x7DF,8,0201050000000000
75723907,0x7E8,8,0341058DAAAAAAAA
75775838,0x7DF,8,0201040000000000
75777753,0x130,5,C541FFFFFF
75789930,0x7E8,8,0341044BAAAAAAAA
75841838,0x7DF,8,0201110000000000
75844672,0x7E8,8,03411120AAAAAAAA
75876906,0x130,5,C541FFFFFF
75908836,0x7DF,8,0201330000000000
75920907,0x7E8,8,03413364AAAAAAAA
75972836,0x7DF,8,02010C0000000000
75975468,0x130,5,C541FFFFFF
75986930,0x7EC,8,04410C0CD4AAAAAA
75988203,0x7E8,8,04410C0CE0AAAAAA
76039836,0x7DF,8,02010D0000000000
76043012,0x7EC,8,03410D00AAAAAAAA
76044656,0x7E8,8,03410D00AAAAAAAA
76075906,0x130,5,C541FFFFFF
76107836,0x7DF,8,0201050000000000
76119928,0x7E8,8,0341058DAAAAAAAA
76172836,0x7DF,8,02012F0000000000
76174955,0x130,5,C541FFFFFF
76186930,0x7E8,8,03412F0CAAAAAAAA
76238840,0x7DF,8,0201420000000000
76251908,0x7E8,8,04414236AAAAAAAA
76253068,0x7EC,8,044142348DAAAAAA
76273906,0x130,5,C541FFFFFF
76305836,0x7DF,8,0201010000000000
76317936,0x7EC,8,06410100040000AA
76319421,0x7E8,8,0641018307E100AA
76370836,0x7DF,8,0201040000000000
76372810,0x130,5,C541FFFFFF
76384930,0x7E8,8,0341044DAAAAAAAA
76435836,0x7DF,8,0201110000000000
76447907,0x7E8,8,0341111FAAAAAAAA
76469906,0x130,5,C541FFFFFF
76500836,0x7DF,8,02010F0000000000
76512907,0x7E8,8,03410F62AAAAAAAA
76563836,0x7DF,8,0201060000000000
76577906,0x130,5,C541FFFFFF
76579276,0x7E8,8,03410680AAAAAAAA
76630838,0x7DF,8,02011F0000000000
76644907,0x7E8,8,04411F062BAAAAAA
76676906,0x130,5,C541FFFFFF
76697836,0x7DF,8,02010C0000000000
76709907,0x7E8,8,04410C0D24AAAAAA
76711122,0x7EC,8,04410C0D12AAAAAA
76762836,0x7DF,8,02010D0000000000
76775907,0x7EC,8,03410D00AAAAAAAA
76777266,0x130,5,C541FFFFFF
76778751,0x7E8,8,03410D00AAAAAAAA
76829836,0x7DF,8,0201050000000000
76841907,0x7E8,8,0341058DAAAAAAAA
